Workbook

Sheet ST.SALES
B2: S.NO | C2: NAME OF STOCKIST | D2: HQ | E2: CONTACT NUMBER | F2: NAME OF PROPRIETOR | G2: APR | I2: MAY | K2: JUN | M2: JUL | O2: AUG | Q2: SEP | S2: OCT | U2: NOV | W2: DEC | Y2: JAN | AA2: FEB | AC2: MAR | AE2: LAST YEAR TOTAL SALES APRIL'21-MARCH'22 | AF2: AVERAGE SALES LAST YEAR 2022-2023
C4: AHMEDABAD
B5: 1 | C5: 1006809:DHRUVI PHARMA PVT. LTD.--GOTA, AHMEDABAD | D5: AHMEDABAD | AE5: 9.13722
B6: 2 | C6: 1001556:ANKUR DISTRIBUTORS--AHMEDABAD | D6: AHMEDABAD | AE6: 4.49569
B7: 3 | C7: 1001584:K.S.PHARMA--AHMEDABAD | D7: AHMEDABAD | AE7: 4.32667
B8: 4 | C8: 1001585:K.B.SHAH & CO.--AHMEDABAD | D8: AHMEDABAD | AE8: 3.69266
B9: 5 | C9: 1001611:R.AMRATLAL & COMPANY--AHMEDABAD | D9: AHMEDABAD | AE9: 3.667
B10: 6 | C10: 1002005:D.K.PHARMA--AHMEDABAD | D10: AHMEDABAD | AE10: 3.1623
B11: 7 | C11: 1001562:BELA DRUG CENTRE--AHMEDABAD | D11: AHMEDABAD | AE11: 3.00415
B12: 8 | C12: 1001984:SHRIJI DISTRIBUTORS--AHMEDABAD | D12: AHMEDABAD | AE12: 2.52698
B13: 9 | C13: 1001582:JOSHI BROTHERS--HIMATNAGAR | D13: AHMEDABAD | AE13: 1.99783
B14: 10 | C14: 1001587:MONO CHEMIST--AHMEDABAD | D14: AHMEDABAD | AE14: 1.8647
B15: 11 | C15: 1001618:SAHYOG AGENCIES (AHMEDABAD)--AHMEDABAD | D15: AHMEDABAD | AE15: 1.79198
B16: 12 | C16: 1001629:SHREEJI PHARMADEAL PVT LTD--GANDHINAGAR | D16: AHMEDABAD | AE16: 1.63734
... B29: 25 | C29: 1001570:DHRUVIL MEDICINES--MODASA | D29: AHMEDABAD | AE29: 0.11912
C34: TOTAL
C35: MEHSANA
B36: 1 | C36: 1001606:RAMESH PHARMA DISTRIBUTORS--KALOL | D36: MEHSANA | AE36: 2.41077
B37: 2 | C37: 1001635:V.V. PHARMA--UNJHA | D37: MEHSANA | AE37: 2.06653
B38: 3 | C38: 1001597:PATEL MEDICAL STORES--DEESA | D38: MEHSANA | AE38: 1.68514
B39: 4 | C39: 1001557:ATUL MEDICAL AGENCY--SIDDHPUR | D39: MEHSANA | AE39: 1.55412
B40: 5 | C40: 1001614:SHARDA MEDICAL AGENCIES--PALANPUR | D40: MEHSANA | AE40: 1.06762
B41: 6 | C41: 1001554:ARAVALLI MARKETING--MEHSANA | D41: MEHSANA | AE41: 0.77165
B42: 7 | C42: 1001571:GANDHI MEDICAL AGENCY--PATAN | D42: MEHSANA | AE42: 0.70692
B43: 8 | C43: 1003119:SHREEJI PHARMA DISTRIBUTORS--DHANERA | D43: MEHSANA | AE43: 0.3865
B44: 9 | C44: 1001563:B.M.K.DISTRIBUTORS--VISNAGAR | D44: MEHSANA | AE44: 0.31315
B45: 10 | C45: 1023988:JIGAR MEDICAL AGENCY--RADHANPUR | D45: MEHSANA | AE45: 0.2089
B46: 11 | C46: 1001615:SEVENTILAL POPATLAL & COM--MEHSANA | D46: MEHSANA | AE46: 0.0268
C51: TOTAL
C52: BHAVNAGAAR
B53: 1 | C53: 1001569:DHAVAL MARKETING CORPORATION--BHAVNAGAR | D53: BHAVNAGAR | AE53: 3.33643
B54: 2 | C54: 1001572:GENERAL MEDICAL STORES--BHAVNAGAR | D54: BHAVNAGAR | AE54: 2.88518
B55: 3 | C55: 1001578:HARIKRISHNA MEDICAL AGENCY--AMRELI | D55: BHAVNAGAR | AE55: 2.25261
B56: 4 | C56: 1001595:PARIKH MEDICAL STORES--AMRELI | D56: BHAVNAGAR | AE56: 2.07329
B57: 5 | C57: 1001621:SUN PHARMA DISTRIBUTORS--BHAVNAGAR | D57: BHAVNAGAR | AE57: 1.98376
B58: 6 | C58: 1001623:SHANTI MEDICAL AGENCY--MAHUVA | D58: BHAVNAGAR | AE58: 1.91523
B59: 7 | C59: 1001632:UMA AGENCIES--BHAVNAGAR | D59: BHAVNAGAR | AE59: 1.88626
C62: TOTAL
C63: BHUJ
B64: 1 | C64: 1001575:H. SHANTILAL AGENCIES--BHUJ | D64: BHUJ | AE64: 1.80696
B65: 2 | C65: 1001590:MEEK DISTRIBUTORS--KUTCHH | D65: BHUJ | AE65: 1.51568
B66: 3 | C66: 1001628:SURAJ PHARMA DISTRIBUTORS--BHUJ | D66: BHUJ | AE66: 1.41266
C69: TOTAL
C70: JUNAGARDH
B71: 1 | C71: 1001561:BHAGVATI MEDICAL STORES--VERAVAL | D71: JUNAGARDH | AE71: 1.16895
B72: 2 | C72: 1001579:HARESH MEDICAL AGENCY--JUNAGADH | D72: JUNAGARDH | AE72: 1.07024
B73: 3 | C73: 1001598:PHARMAKEM--JUNAGADH | D73: JUNAGARDH | AE73: 0.97048
B74: 4 | C74: 1001599:PHARMA SALES--VERAVAL | D74: JUNAGARDH | AE74: 0.69174
B75: 5 | C75: 1001600:PATEL PHARMA DISTRIBUTORS--PORBANDAR | D75: JUNAGARDH | AE75: 0.51764
B76: 6 | C76: 1001633:V.K.PARIKH AGENCIES--PORBANDAR | D76: JUNAGARDH | AE76: 0.51498
B77: 7 | C77: 1026336:PAREKH & PAREKH--JUNAGADH | D77: JUNAGARDH | AE77: 0.51346
C80: TOTAL
C81: RAJKOT
B82: 1 | C82: 1001564:CHIRAG MEDICAL AGENCY--DHORAJI | D82: RAJKOT | AE82: 0.50294
B83: 2 | C83: 1001566:D.D. AGENCIES--RAJKOT | D83: RAJKOT | AE83: 0.43956
B84: 3 | C84: 1001581:JANTA DRUG AGENCY.--UPLETA | D84: RAJKOT | AE84: 0.43625
B85: 4 | C85: 1001591:MEXON PHARMA DISTRIBUTORS--MORBI | D85: RAJKOT | AE85: 0.42567
B86: 5 | C86: 1001603:RAJENDRA PHARMACY--RAJKOT | D86: RAJKOT | AE86: 0.35931
B87: 6 | C87: 1001608:RX PHARMA--JAMNAGAR | D87: RAJKOT | AE87: 0.31265
B88: 7 | C88: 1001617:SAURASHTRA PHARMACEUTICAL--RAJKOT | D88: RAJKOT | AE88: 0.15317
B89: 8 | C89: 1001620:SHREEJI ENTERPRISES--JAMNAGAR | D89: RAJKOT | AE89: 0.04579
B90: 9 | C90: 1001631:UNO SALES AGENCIES--JAMNAGAR | D90: RAJKOT | AE90: 0.04453
B91: 10 | C91: 1006168:NIRMAL MEDICAL AGENCY--RAJKOT | D91: RAJKOT | AE91: 0.01998
B92: 11 | C92: 1027146:SURBHI PHARMA--GONDAL | D92: RAJKOT
C96: TOTAL
C97: BARODA POOL
B98: 1 | C98: 1009722:SANJIVANI MEDICINES PVT. LTD.--NADIAD | D98: BARODA | AE98: 7.65896
B99: 2 | C99: 1005228:ATC PHARMA PRIVATE LIMITED--VADODARA | D99: BARODA | AE99: 6.96066
B100: 3 | C100: 1001568:DINYAR MEDICAL STORE--VADODARA | D100: BARODA | AE100: 3.6446
B101: 4 | C101: 1012888:SANTRAM MEDICAL AGENCY--VADODARA | D101: BARODA | AE101: 2.14115
B102: 1 | C102: 1001605:ROAPURA PHARMA AGENCY--BARODA | D102: BARODA | AE102: 2.02213
B103: 2 | C103: 1005612:SAURASHTRA AGENCY--VADODARA | D103: BARODA | AE103: 1.91387
B104: 3 | C104: 1004138:RELIANCE MEDICAPS--VADODARA | D104: BARODA | AE104: 1.81236
B105: 4 | C105: 1003130:AAGAM AGENCIES--GODHRA | D105: BARODA | AE105: 1.58221
B106: 5 | C106: 1001552:ANURAG AGENCY--KHAMBHAT | D106: BARODA | AE106: 1.14582
B107: 6 | C107: 1005972:R. K. MEDICINES--VADODARA | D107: BARODA | AE107: 1.00817
B108: 1 | C108: 1001565:CAMBAY DISTRIBUTORS--BARODA | D108: BARODA | AE108: 0.98492
B109: 2 | C109: 1001637:VISHAT DISTRIBUTORS--DAHOD | D109: BARODA | AE109: 0.96888
... B112: 5 | C112: 1001612:SAHYOG AGENCIES--ANAND | D112: BARODA | AE112: 0
C116: TOTAL
C117: SURAT POOL
B118: 8 | C118: 1001602:RAPID AGENCIES--VALSAD | D118: SURAT | AE118: 5.82237
B119: 9 | C119: 1003217:GURUKRUPA MEDICAL AGENCIES--SURAT | D119: SURAT | AE119: 5.46879
B120: 1 | C120: 1001619:SHREE AMBICA MEDICALS--SURAT | D120: SURAT | AE120: 3.47794
B121: 2 | C121: 1001567:DEEP MEDICAL AGENCIES--VAPI | D121: SURAT | AE121: 3.22544
B122: 3 | C122: 1001607:RADHA KRISHNA MEDICAL AGENCIES--SURAT | D122: SURAT | AE122: 3.16737
B123: 4 | C123: 1001555:ATUL MEDICO--SURAT | D123: SURAT | AE123: 2.50223
B124: 5 | C124: 1001616:SHREE NAVDURGA MEDICAL AGE--SURAT | D124: SURAT | AE124: 1.97088
B125: 6 | C125: 1017633:NOVA PHARMA--SURAT | D125: SURAT | AE125: 1.66991
B126: 1 | C126: 1003120:METRO MEDICAL AGENCY--VYARA | D126: SURAT | AE126: 1.61284
B127: 2 | C127: 1001604:R.K.CORPORATION--BARDOLI | D127: SURAT | AE127: 1.60306
B128: 3 | C128: 1001610:ROYAL DISTRIBUTORS--SURAT | D128: SURAT | AE128: 1.39482
B129: 4 | C129: 1001574:GULMAHOR MEDICAL AGENCIES--SURAT | D129: SURAT | AE129: 1.35804
... B144: 6 | C144: 1005723:BEENA MEDICO--SURAT | D144: SURAT | AE144: -0.09949
C149: TOTAL

Sheet SUMMATY
B3: 2023-2024 | C3: April'2023 | E3: May'2023 | G3: June'2023 | I3: July'2023 | K3: August'2023 | M3: Sept'2023 | O3: Oct'2023 | Q3: Nov'2023 | S3: Dec'2023 | U3: Jan'2024 | W3: Feb'2024 | Y3: March'2024 | AA3: TOTAL
B4: HQ | C4: Sec Sales | D4: Closing stock | E4: Sec Sales | F4: Closing stock | G4: Sec Sales | H4: Closing stock | I4: Sec Sales | J4: Closing stock | K4: Sec Sales | L4: Closing stock | M4: Sec Sales | N4: Closing stock | O4: Sec Sales | P4: Closing stock | Q4: Sec Sales | R4: Closing stock | S4: Sec Sales | T4: Closing stock | U4: Sec Sales | V4: Closing stock | W4: Sec Sales | X4: Closing stock | Y4: Sec Sales | Z4: Closing stock | AA4: SEC CUM | AB4: STOCK CUM
B6: AHMEDABAD POOL | C6: =AHMEDABAD!E24 -> 5.3340786 | D6: =AHMEDABAD!F24 -> 7.9204852 | E6: =AHMEDABAD!G24 -> 0 | F6: =AHMEDABAD!H24 -> 0 | G6: =AHMEDABAD!I24 -> 4.8221078 | H6: =AHMEDABAD!J24 -> 8.9534293 | I6: =AHMEDABAD!K24 -> 0.4989278 | J6: =AHMEDABAD!L24 -> 1.7515441
B7: MEHSANA | C7: =MEHSANA!E24 -> 2.089979 | D7: =MEHSANA!F24 -> 2.2861055 | E7: =MEHSANA!G24 -> 0 | F7: =MEHSANA!H24 -> 0 | G7: =AHMEDABAD!I25 -> 0 | H7: =AHMEDABAD!J25 -> 0 | I7: =AHMEDABAD!K25 -> 0 | J7: =AHMEDABAD!L25 -> 0
B8: DM AHMEDABAD | C8: ='DM ABAD'!E17 -> 8.2608552 | D8: ='DM ABAD'!F17 -> 11.201961 | E8: ='DM ABAD'!G17 -> 0 | F8: ='DM ABAD'!H17 -> 0 | G8: ='DM ABAD'!I17 -> 6.9846222 | H8: ='DM ABAD'!J17 -> 12.662306 | I8: ='DM ABAD'!K17 -> 0.6481008 | J8: ='DM ABAD'!L17 -> 1.7580471
B10: RAJKOT | C10: =RAJKOT!E23 -> 0.120244 | D10: =RAJKOT!F23 -> 0.2698128 | E10: =RAJKOT!G23 -> 0 | F10: =RAJKOT!H23 -> 0 | G10: =RAJKOT!I23 -> 0 | H10: =RAJKOT!J23 -> 0 | I10: =RAJKOT!K23 -> 0 | J10: =RAJKOT!L23 -> 0
B11: JUNAGADH | C11: =JUNAGADH!E24 -> 3.1691421 | D11: =JUNAGADH!F24 -> 3.6640293 | E11: =JUNAGADH!G24 -> 0 | F11: =JUNAGADH!H24 -> 0 | G11: =JUNAGADH!I24 -> 0 | H11: =JUNAGADH!J24 -> 0 | I11: =JUNAGADH!K24 -> 0 | J11: =JUNAGADH!L24 -> 0
B12: BHAVNAGAR | C12: =BHAVNAGAR!E24 -> 0.4463557 | D12: =BHAVNAGAR!F24 -> 1.1711222 | E12: =BHAVNAGAR!G24 -> 0 | F12: =BHAVNAGAR!H24 -> 0 | G12: =BHAVNAGAR!I24 -> 0 | H12: =BHAVNAGAR!J24 -> 0 | I12: =BHAVNAGAR!K24 -> 0 | J12: =BHAVNAGAR!L24 -> 0
B13: BAHUJ | C13: =BHUJ!E24 -> 0.6264603 | D13: =BHUJ!F24 -> 1.1933022 | E13: =BHUJ!G24 -> 0 | F13: =BHUJ!H24 -> 0 | G13: =BHUJ!I24 -> 0 | H13: =BHUJ!J24 -> 0 | I13: =BHUJ!K24 -> 0 | J13: =BHUJ!L24 -> 0
B14: DM RAJKOT | C14: ='DM RAJKOT'!E17 -> 7.0332389 | D14: ='DM RAJKOT'!F17 -> 8.6761401 | E14: ='DM RAJKOT'!G17 -> 0 | F14: ='DM RAJKOT'!H17 -> 0 | G14: ='DM RAJKOT'!I17 -> 0 | H14: ='DM RAJKOT'!J17 -> 0 | I14: ='DM RAJKOT'!K17 -> 0 | J14: ='DM RAJKOT'!L17 -> 0
B16: SURAT POOL | C16: =SURAT!E19 -> S.S. | D16: =SURAT!F19 -> C.S. | E16: =SURAT!G19 -> S.S. | F16: =SURAT!H19 -> C.S. | G16: =SURAT!I19 -> S.S. | H16: =SURAT!J19 -> C.S. | I16: =SURAT!K19 -> S.S. | J16: =SURAT!L19 -> C.S.
B17: BARODA POOL | C17: =BARODA!E19 -> S.S. | D17: =BARODA!F19 -> C.S. | E17: =BARODA!G19 -> S.S. | F17: =BARODA!H19 -> C.S. | G17: =BARODA!I19 -> S.S. | H17: =BARODA!J19 -> C.S. | I17: =BARODA!K19 -> S.S. | J17: =BARODA!L19 -> C.S.
B18: DM SURAT | C18: ='DM SURAT'!E17 -> 11.099668 | D18: ='DM SURAT'!F17 -> 15.723923 | E18: ='DM SURAT'!G17 -> 5.8869149 | F18: ='DM SURAT'!H17 -> 7.6019522 | G18: ='DM SURAT'!I17 -> 5.5947475 | H18: ='DM SURAT'!J17 -> 9.0737242 | I18: ='DM SURAT'!K17 -> 0 | J18: ='DM SURAT'!L17 -> 0
B20: RM AHMEDABAD | C20: ='RM - NARESH'!E17 -> 26.393762 | D20: ='RM - NARESH'!F17 -> 35.602024 | E20: ='RM - NARESH'!G17 -> 5.8869149 | F20: ='RM - NARESH'!H17 -> 7.6019522 | G20: ='RM - NARESH'!I17 -> 12.57937 | H20: ='RM - NARESH'!J17 -> 21.73603 | I20: ='RM - NARESH'!K17 -> 0.6481008 | J20: ='RM - NARESH'!L17 -> 1.7580471
I23: =E8-G8 -> -6.9846222
I24: =E14-G14 -> 0
I25: =E18-G18 -> 0.2921674
I26: =SUM(I23:I25) -> -6.6924548

Sheet SEC SALES
B2: APRIL 2023-24 | D2: AHMEDABAD POOL | H2: MEHSANA | L2: DM AHMEDABAD | P2: RAJKOT | T2: JUNAGADH | X2: BHAVNAGAR | AB2: BHUJ | AF2: DM RAJKOT | AJ2: SURAT POOL | AN2: BARODA POOL | AR2: DM SURAT | AV2: RM AHMEDABAD
A3: S.No | B3: PRODUCT | C3: Billing Price 23-24 | D3: SEC | E3: CLG | F3: GIT | G3: TOT. CLG. WITH GIT | H3: SEC | I3: CLG | J3: GIT | K3: TOT. CLG. WITH GIT | L3: SEC | M3: CLG | N3: GIT | O3: TOT. CLG. WITH GIT | P3: SEC | Q3: CLG | R3: GIT | S3: TOT. CLG. WITH GIT | T3: SEC | U3: CLG | V3: GIT | W3: TOT. CLG. WITH GIT | X3: SEC | Y3: CLG | Z3: GIT | AA3: TOT. CLG. WITH GIT | AB3: SEC | AC3: CLG | AD3: GIT | AE3: TOT. CLG. WITH GIT | AF3: SEC | AG3: CLG | AH3: GIT | AI3: TOT. CLG. WITH GIT | AJ3: SEC | AK3: CLG | AL3: GIT | AM3: TOT. CLG. WITH GIT | AN3: SEC | AO3: CLG | AP3: GIT | AQ3: TOT. CLG. WITH GIT | AR3: SEC | AS3: CLG | AT3: GIT | AU3: TOT. CLG. WITH GIT | AV3: SEC | AW3: CLG | AX3: GIT | AY3: TOT. CLG. WITH GIT
A4: 1 | B4: HUMYL MILK MASALA 200 GM | C4: 183.05 | D4: =AHMEDABAD!E4 -> 5 | E4: =AHMEDABAD!F4 -> 63 | F4: 0 | G4: =E4 -> 63 | H4: =MEHSANA!E4 -> 29 | I4: =MEHSANA!F4 -> 60 | J4: 0 | K4: =I4 -> 60 | L4: ='DM ABAD'!E3 -> 9 | M4: ='DM ABAD'!F3 -> 105 | N4: 0 | O4: =M4 -> 105 | P4: =RAJKOT!E3 -> 19 | Q4: =RAJKOT!F3 -> 50 | R4: 0 | S4: =Q4 -> 50 | T4: =JUNAGADH!E4 -> 200 | U4: =JUNAGADH!F4 -> 163 | V4: 0 | W4: =U4 -> 163 | X4: =BHAVNAGAR!E4 -> 0 | Y4: =BHAVNAGAR!F4 -> 24 | Z4: 0 | AA4: =Y4 -> 24 | AB4: =BHUJ!E4 -> 32 | AC4: =BHUJ!F4 -> 166 | AD4: 0 | AE4: =AC4 -> 166 | AF4: ='DM RAJKOT'!E3 -> 34 | AG4: ='DM RAJKOT'!F3 -> 124 | AH4: 0 | AI4: =AG4 -> 124 | AJ4: =SURAT!E4 -> 79 | AK4: =SURAT!F4 -> 188 | AL4: 0 | AM4: =AK4 -> 188 | AN4: =BARODA!E4 -> 195 | AO4: =BARODA!F4 -> 178 | AP4: 0 | AQ4: =AO4 -> 178 | AR4: ='DM SURAT'!E3 -> 63 | AS4: ='DM SURAT'!F3 -> 98 | AT4: 0 | AU4: =AS4 -> 98 | AV4: ='RM - NARESH'!E3 -> 106 | AW4: ='RM - NARESH'!F3 -> 327 | AX4: 0 | AY4: =AW4 -> 327
A5: 2 | B5: ZEFRICH CHOCOLATE 200 GM | C5: 198.31 | D5: =AHMEDABAD!E5 -> 100 | E5: =AHMEDABAD!F5 -> 250 | F5: 0 | G5: =E5 -> 250 | H5: =MEHSANA!E5 -> 38 | I5: =MEHSANA!F5 -> 95 | J5: 0 | K5: =I5 -> 95 | L5: ='DM ABAD'!E4 -> 34 | M5: ='DM ABAD'!F4 -> 123 | N5: 0 | O5: =M5 -> 123 | P5: =RAJKOT!E4 -> 77 | Q5: =RAJKOT!F4 -> 48 | R5: 0 | S5: =Q5 -> 48 | T5: =JUNAGADH!E5 -> 187 | U5: =JUNAGADH!F5 -> 221 | V5: 0 | W5: =U5 -> 221 | X5: =BHAVNAGAR!E5 -> 0 | Y5: =BHAVNAGAR!F5 -> 0 | Z5: 0 | AA5: =Y5 -> 0 | AB5: =BHUJ!E5 -> 80 | AC5: =BHUJ!F5 -> 74 | AD5: 0 | AE5: =AC5 -> 74 | AF5: ='DM RAJKOT'!E4 -> 309 | AG5: ='DM RAJKOT'!F4 -> 401 | AH5: 0 | AI5: =AG5 -> 401 | AJ5: =SURAT!E5 -> 212 | AK5: =SURAT!F5 -> 274 | AL5: 0 | AM5: =AK5 -> 274 | AN5: =BARODA!E5 -> 277 | AO5: =BARODA!F5 -> 304 | AP5: 0 | AQ5: =AO5 -> 304 | AR5: ='DM SURAT'!E4 -> 274 | AS5: ='DM SURAT'!F4 -> 366 | AT5: 0 | AU5: =AS5 -> 366 | AV5: ='RM - NARESH'!E4 -> 617 | AW5: ='RM - NARESH'!F4 -> 890 | AX5: 0 | AY5: =AW5 -> 890
A6: 3 | B6: ZEFRICH MILK MASALA 200 GM | C6: 198.31 | D6: =AHMEDABAD!E6 -> 95 | E6: =AHMEDABAD!F6 -> 238 | F6: 0 | G6: =E6 -> 238 | H6: =MEHSANA!E6 -> 0 | I6: =MEHSANA!F6 -> 8 | J6: 0 | K6: =I6 -> 8 | L6: ='DM ABAD'!E5 -> 138 | M6: ='DM ABAD'!F5 -> 345 | N6: 0 | O6: =M6 -> 345 | P6: =RAJKOT!E5 -> 173 | Q6: =RAJKOT!F5 -> 77 | R6: 0 | S6: =Q6 -> 77 | T6: =JUNAGADH!E6 -> 159 | U6: =JUNAGADH!F6 -> 162 | V6: 0 | W6: =U6 -> 162 | X6: =BHAVNAGAR!E6 -> 0 | Y6: =BHAVNAGAR!F6 -> 0 | Z6: 0 | AA6: =Y6 -> 0 | AB6: =BHUJ!E6 -> 39 | AC6: =BHUJ!F6 -> 74 | AD6: 0 | AE6: =AC6 -> 74 | AF6: ='DM RAJKOT'!E5 -> 440 | AG6: ='DM RAJKOT'!F5 -> 372 | AH6: 0 | AI6: =AG6 -> 372 | AJ6: =SURAT!E6 -> 135 | AK6: =SURAT!F6 -> 244 | AL6: 0 | AM6: =AK6 -> 244 | AN6: =BARODA!E6 -> 188 | AO6: =BARODA!F6 -> 172 | AP6: 0 | AQ6: =AO6 -> 172 | AR6: ='DM SURAT'!E5 -> 489 | AS6: ='DM SURAT'!F5 -> 578 | AT6: 0 | AU6: =AS6 -> 578 | AV6: ='RM - NARESH'!E5 -> 1067 | AW6: ='RM - NARESH'!F5 -> 1295 | AX6: 0 | AY6: =AW6 -> 1295
A7: 4 | B7: SIMYL MCT OIL (HDPE) 100 ML | C7: 180 | D7: =AHMEDABAD!E7 -> 260 | E7: =AHMEDABAD!F7 -> 427 | F7: 0 | G7: =E7 -> 427 | H7: =MEHSANA!E7 -> 286 | I7: =MEHSANA!F7 -> 175 | J7: 0 | K7: =I7 -> 175 | L7: ='DM ABAD'!E6 -> 95 | M7: ='DM ABAD'!F6 -> 246 | N7: 0 | O7: =M7 -> 246 | P7: =RAJKOT!E6 -> 101 | Q7: =RAJKOT!F6 -> 84 | R7: 0 | S7: =Q7 -> 84 | T7: =JUNAGADH!E7 -> 33 | U7: =JUNAGADH!F7 -> 115 | V7: 0 | W7: =U7 -> 115 | X7: =BHAVNAGAR!E7 -> 11 | Y7: =BHAVNAGAR!F7 -> 22 | Z7: 0 | AA7: =Y7 -> 22 | AB7: =BHUJ!E7 -> 6 | AC7: =BHUJ!F7 -> 23 | AD7: 0 | AE7: =AC7 -> 23 | AF7: ='DM RAJKOT'!E6 -> 299 | AG7: ='DM RAJKOT'!F6 -> 320 | AH7: 0 | AI7: =AG7 -> 320 | AJ7: =SURAT!E7 -> 94 | AK7: =SURAT!F7 -> 277 | AL7: 0 | AM7: =AK7 -> 277 | AN7: =BARODA!E7 -> 215 | AO7: =BARODA!F7 -> 320 | AP7: 0 | AQ7: =AO7 -> 320 | AR7: ='DM SURAT'!E6 -> 323 | AS7: ='DM SURAT'!F6 -> 416 | AT7: 0 | AU7: =AS7 -> 416 | AV7: ='RM - NARESH'!E6 -> 717 | AW7: ='RM - NARESH'!F6 -> 982 | AX7: 0 | AY7: =AW7 -> 982
A8: 5 | B8: SIMYL MCT 200 GM | C8: 167.8 | D8: =AHMEDABAD!E8 -> 397 | E8: =AHMEDABAD!F8 -> 420 | F8: 0 | G8: =E8 -> 420 | H8: =MEHSANA!E8 -> 116 | I8: =MEHSANA!F8 -> 89 | J8: 0 | K8: =I8 -> 89 | L8: ='DM ABAD'!E7 -> 546 | M8: ='DM ABAD'!F7 -> 602 | N8: 0 | O8: =M8 -> 602 | P8: =RAJKOT!E7 -> 34 | Q8: =RAJKOT!F7 -> 51 | R8: 0 | S8: =Q8 -> 51 | T8: =JUNAGADH!E8 -> 3 | U8: =JUNAGADH!F8 -> 21 | V8: 0 | W8: =U8 -> 21 | X8: =BHAVNAGAR!E8 -> 14 | Y8: =BHAVNAGAR!F8 -> 47 | Z8: 0 | AA8: =Y8 -> 47 | AB8: =BHUJ!E8 -> 0 | AC8: =BHUJ!F8 -> 0 | AD8: 0 | AE8: =AC8 -> 0 | AF8: ='DM RAJKOT'!E7 -> 84 | AG8: ='DM RAJKOT'!F7 -> 211 | AH8: 0 | AI8: =AG8 -> 211 | AJ8: =SURAT!E8 -> 181 | AK8: =SURAT!F8 -> 328 | AL8: 0 | AM8: =AK8 -> 328 | AN8: =BARODA!E8 -> 139 | AO8: =BARODA!F8 -> 241 | AP8: 0 | AQ8: =AO8 -> 241 | AR8: ='DM SURAT'!E7 -> 309 | AS8: ='DM SURAT'!F7 -> 597 | AT8: 0 | AU8: =AS8 -> 597 | AV8: ='RM - NARESH'!E7 -> 939 | AW8: ='RM - NARESH'!F7 -> 1410 | AX8: 0 | AY8: =AW8 -> 1410
A9: 6 | B9: SIMYL MCT 400 GM | C9: 311.19 | D9: =AHMEDABAD!E9 -> 843 | E9: =AHMEDABAD!F9 -> 857 | F9: 0 | G9: =E9 -> 857 | H9: =MEHSANA!E9 -> 299 | I9: =MEHSANA!F9 -> 234 | J9: 0 | K9: =I9 -> 234 | L9: ='DM ABAD'!E8 -> 513 | M9: ='DM ABAD'!F8 -> 509 | N9: 0 | O9: =M9 -> 509 | P9: =RAJKOT!E8 -> 37 | Q9: =RAJKOT!F8 -> 75 | R9: 0 | S9: =Q9 -> 75 | T9: =JUNAGADH!E9 -> 555 | U9: =JUNAGADH!F9 -> 515 | V9: 0 | W9: =U9 -> 515 | X9: =BHAVNAGAR!E9 -> 127 | Y9: =BHAVNAGAR!F9 -> 152 | Z9: 0 | AA9: =Y9 -> 152 | AB9: =BHUJ!E9 -> 47 | AC9: =BHUJ!F9 -> 24 | AD9: 0 | AE9: =AC9 -> 24 | AF9: ='DM RAJKOT'!E8 -> 54 | AG9: ='DM RAJKOT'!F8 -> 143 | AH9: 0 | AI9: =AG9 -> 143 | AJ9: =SURAT!E9 -> 1009 | AK9: =SURAT!F9 -> 1262 | AL9: 0 | AM9: =AK9 -> 1262 | AN9: =BARODA!E9 -> 983 | AO9: =BARODA!F9 -> 901 | AP9: 0 | AQ9: =AO9 -> 901 | AR9: ='DM SURAT'!E8 -> 320 | AS9: ='DM SURAT'!F8 -> 569 | AT9: 0 | AU9: =AS9 -> 569 | AV9: ='RM - NARESH'!E8 -> 887 | AW9: ='RM - NARESH'!F8 -> 1221 | AX9: 0 | AY9: =AW9 -> 1221
A10: 7 | B10: SIMYL-LBW 400 GM | C10: 305.08 | D10: =AHMEDABAD!E10 -> 41 | E10: =AHMEDABAD!F10 -> 103 | F10: 0 | G10: =E10 -> 103 | H10: =MEHSANA!E10 -> 21 | I10: =MEHSANA!F10 -> 57 | J10: 0 | K10: =I10 -> 57 | L10: ='DM ABAD'!E9 -> 1142 | M10: ='DM ABAD'!F9 -> 1091 | N10: 0 | O10: =M10 -> 1091 | P10: =RAJKOT!E9 -> 542 | Q10: =RAJKOT!F9 -> 287 | R10: 0 | S10: =Q10 -> 287 | T10: =JUNAGADH!E10 -> 52 | U10: =JUNAGADH!F10 -> 75 | V10: 0 | W10: =U10 -> 75 | X10: =BHAVNAGAR!E10 -> 6 | Y10: =BHAVNAGAR!F10 -> 11 | Z10: 0 | AA10: =Y10 -> 11 | AB10: =BHUJ!E10 -> 0 | AC10: =BHUJ!F10 -> 18 | AD10: 0 | AE10: =AC10 -> 18 | AF10: ='DM RAJKOT'!E9 -> 1271 | AG10: ='DM RAJKOT'!F9 -> 978 | AH10: 0 | AI10: =AG10 -> 978 | AJ10: =SURAT!E10 -> 0 | AK10: =SURAT!F10 -> 68 | AL10: 0 | AM10: =AK10 -> 68 | AN10: =BARODA!E10 -> 40 | AO10: =BARODA!F10 -> 76 | AP10: 0 | AQ10: =AO10 -> 76 | AR10: ='DM SURAT'!E9 -> 1992 | AS10: ='DM SURAT'!F9 -> 2163 | AT10: 0 | AU10: =AS10 -> 2163 | AV10: ='RM - NARESH'!E9 -> 4405 | AW10: ='RM - NARESH'!F9 -> 4232 | AX10: 0 | AY10: =AW10 -> 4232
A11: 8 | B11: MUMMUM-1 400 GM | C11: 234.92 | D11: =AHMEDABAD!E11 -> 123 | E11: =AHMEDABAD!F11 -> 276 | F11: 0 | G11: =E11 -> 276 | H11: =MEHSANA!E11 -> 27 | I11: =MEHSANA!F11 -> 61 | J11: 0 | K11: =I11 -> 61 | L11: ='DM ABAD'!E10 -> 62 | M11: ='DM ABAD'!F10 -> 160 | N11: 0 | O11: =M11 -> 160 | P11: =RAJKOT!E10 -> 11 | Q11: =RAJKOT!F10 -> 38 | R11: 0 | S11: =Q11 -> 38 | T11: =JUNAGADH!E11 -> 9 | U11: =JUNAGADH!F11 -> 42 | V11: 0 | W11: =U11 -> 42 | X11: =BHAVNAGAR!E11 -> 1 | Y11: =BHAVNAGAR!F11 -> 31 | Z11: 0 | AA11: =Y11 -> 31 | AB11: =BHUJ!E11 -> 14 | AC11: =BHUJ!F11 -> 42 | AD11: 0 | AE11: =AC11 -> 42 | AF11: ='DM RAJKOT'!E10 -> 69 | AG11: ='DM RAJKOT'!F10 -> 142 | AH11: 0 | AI11: =AG11 -> 142 | AJ11: =SURAT!E11 -> 78 | AK11: =SURAT!F11 -> 193 | AL11: 0 | AM11: =AK11 -> 193 | AN11: =BARODA!E11 -> 69 | AO11: =BARODA!F11 -> 210 | AP11: 0 | AQ11: =AO11 -> 210 | AR11: ='DM SURAT'!E10 -> 40 | AS11: ='DM SURAT'!F10 -> 144 | AT11: 0 | AU11: =AS11 -> 144 | AV11: ='RM - NARESH'!E10 -> 171 | AW11: ='RM - NARESH'!F10 -> 446 | AX11: 0 | AY11: =AW11 -> 446
A12: 9 | B12: MUMMUM-2 400 GM | C12: 234.92 | D12: =AHMEDABAD!E12 -> 64 | E12: =AHMEDABAD!F12 -> 183 | F12: 0 | G12: =E12 -> 183 | H12: =MEHSANA!E12 -> 12 | I12: =MEHSANA!F12 -> 75 | J12: 0 | K12: =I12 -> 75 | L12: ='DM ABAD'!E11 -> 150 | M12: ='DM ABAD'!F11 -> 337 | N12: 0 | O12: =M12 -> 337 | P12: =RAJKOT!E11 -> 28 | Q12: =RAJKOT!F11 -> 88 | R12: 0 | S12: =Q12 -> 88 | T12: =JUNAGADH!E12 -> 27 | U12: =JUNAGADH!F12 -> 48 | V12: 0 | W12: =U12 -> 48 | X12: =BHAVNAGAR!E12 -> 0 | Y12: =BHAVNAGAR!F12 -> 97 | Z12: 0 | AA12: =Y12 -> 97 | AB12: =BHUJ!E12 -> 10 | AC12: =BHUJ!F12 -> 24 | AD12: 0 | AE12: =AC12 -> 24 | AF12: ='DM RAJKOT'!E11 -> 52 | AG12: ='DM RAJKOT'!F11 -> 203 | AH12: 0 | AI12: =AG12 -> 203 | AJ12: =SURAT!E12 -> 60 | AK12: =SURAT!F12 -> 183 | AL12: 0 | AM12: =AK12 -> 183 | AN12: =BARODA!E12 -> 10 | AO12: =BARODA!F12 -> 76 | AP12: 0 | AQ12: =AO12 -> 76 | AR12: ='DM SURAT'!E11 -> 147 | AS12: ='DM SURAT'!F11 -> 403 | AT12: 0 | AU12: =AS12 -> 403 | AV12: ='RM - NARESH'!E11 -> 349 | AW12: ='RM - NARESH'!F11 -> 943 | AX12: 0 | AY12: =AW12 -> 943
A13: 10 | B13: ZIORAL ORAL SOLUTION 100 ML | C13: 57.99 | D13: =AHMEDABAD!E13 -> 10 | E13: =AHMEDABAD!F13 -> 58 | F13: 0 | G13: =E13 -> 58 | H13: =MEHSANA!E13 -> 3 | I13: =MEHSANA!F13 -> 19 | J13: 0 | K13: =I13 -> 19 | L13: ='DM ABAD'!E12 -> 76 | M13: ='DM ABAD'!F12 -> 258 | N13: 0 | O13: =M13 -> 258 | P13: =RAJKOT!E12 -> 36 | Q13: =RAJKOT!F12 -> 64 | R13: 0 | S13: =Q13 -> 64 | T13: =JUNAGADH!E13 -> 24 | U13: =JUNAGADH!F13 -> 44 | V13: 0 | W13: =U13 -> 44 | X13: =BHAVNAGAR!E13 -> 0 | Y13: =BHAVNAGAR!F13 -> 4 | Z13: 0 | AA13: =Y13 -> 4 | AB13: =BHUJ!E13 -> 1 | AC13: =BHUJ!F13 -> 9 | AD13: 0 | AE13: =AC13 -> 9 | AF13: ='DM RAJKOT'!E12 -> 73 | AG13: ='DM RAJKOT'!F12 -> 233 | AH13: 0 | AI13: =AG13 -> 233 | AJ13: =SURAT!E13 -> 11 | AK13: =SURAT!F13 -> 17 | AL13: 0 | AM13: =AK13 -> 17 | AN13: =BARODA!E13 -> 7 | AO13: =BARODA!F13 -> 18 | AP13: 0 | AQ13: =AO13 -> 18 | AR13: ='DM SURAT'!E12 -> 70 | AS13: ='DM SURAT'!F12 -> 259 | AT13: 0 | AU13: =AS13 -> 259 | AV13: ='RM - NARESH'!E12 -> 219 | AW13: ='RM - NARESH'!F12 -> 750 | AX13: 0 | AY13: =AW13 -> 750
A14: 11 | B14: ZIORAL DROPS 15 ML | C14: 46.67 | D14: =AHMEDABAD!E14 -> 248 | E14: =AHMEDABAD!F14 -> 361 | F14: 0 | G14: =E14 -> 361 | H14: =MEHSANA!E14 -> 338 | I14: =MEHSANA!F14 -> 403 | J14: 0 | K14: =I14 -> 403 | L14: ='DM ABAD'!E13 -> 13 | M14: ='DM ABAD'!F13 -> 77 | N14: 0 | O14: =M14 -> 77 | P14: =RAJKOT!E13 -> 8 | Q14: =RAJKOT!F13 -> 37 | R14: 0 | S14: =Q14 -> 37 | T14: =JUNAGADH!E14 -> 80 | U14: =JUNAGADH!F14 -> 57 | V14: 0 | W14: =U14 -> 57 | X14: =BHAVNAGAR!E14 -> 12 | Y14: =BHAVNAGAR!F14 -> 101 | Z14: 0 | AA14: =Y14 -> 101 | AB14: =BHUJ!E14 -> 59 | AC14: =BHUJ!F14 -> 116 | AD14: 0 | AE14: =AC14 -> 116 | AF14: ='DM RAJKOT'!E13 -> 33 | AG14: ='DM RAJKOT'!F13 -> 94 | AH14: 0 | AI14: =AG14 -> 94 | AJ14: =SURAT!E14 -> 259 | AK14: =SURAT!F14 -> 333 | AL14: 0 | AM14: =AK14 -> 333 | AN14: =BARODA!E14 -> 353 | AO14: =BARODA!F14 -> 487 | AP14: 0 | AQ14: =AO14 -> 487 | AR14: ='DM SURAT'!E13 -> 18 | AS14: ='DM SURAT'!F13 -> 35 | AT14: 0 | AU14: =AS14 -> 35 | AV14: ='RM - NARESH'!E13 -> 64 | AW14: ='RM - NARESH'!F13 -> 206 | AX14: 0 | AY14: =AW14 -> 206
A15: 12 | B15: ZIORAL TABLETS 15 T | C15: 38.57 | D15: =AHMEDABAD!E15 -> 630 | E15: =AHMEDABAD!F15 -> 586 | F15: 0 | G15: =E15 -> 586 | H15: =MEHSANA!E15 -> 92 | I15: =MEHSANA!F15 -> 219 | J15: 0 | K15: =I15 -> 219 | L15: ='DM ABAD'!E14 -> 586 | M15: ='DM ABAD'!F14 -> 764 | N15: 0 | O15: =M15 -> 764 | P15: =RAJKOT!E14 -> 166 | Q15: =RAJKOT!F14 -> 282 | R15: 0 | S15: =Q15 -> 282 | T15: =JUNAGADH!E15 -> 45 | U15: =JUNAGADH!F15 -> 93 | V15: 0 | W15: =U15 -> 93 | X15: =BHAVNAGAR!E15 -> 62 | Y15: =BHAVNAGAR!F15 -> 174 | Z15: 0 | AA15: =Y15 -> 174 | AB15: =BHUJ!E15 -> 0 | AC15: =BHUJ!F15 -> 65 | AD15: 0 | AE15: =AC15 -> 65 | AF15: ='DM RAJKOT'!E14 -> 317 | AG15: ='DM RAJKOT'!F14 -> 556 | AH15: 0 | AI15: =AG15 -> 556 | AJ15: =SURAT!E15 -> 498 | AK15: =SURAT!F15 -> 553 | AL15: 0 | AM15: =AK15 -> 553 | AN15: =BARODA!E15 -> 282 | AO15: =BARODA!F15 -> 516 | AP15: 0 | AQ15: =AO15 -> 516 | AR15: ='DM SURAT'!E14 -> 612 | AS15: ='DM SURAT'!F14 -> 820 | AT15: 0 | AU15: =AS15 -> 820 | AV15: ='RM - NARESH'!E14 -> 1515 | AW15: ='RM - NARESH'!F14 -> 2140 | AX15: 0 | AY15: =AW15 -> 2140
A16: 13 | B16: CALYUMM P SUSPENSION 200 ML | C16: 84.5 | D16: =AHMEDABAD!E16 -> 0 | E16: =AHMEDABAD!F16 -> 0 | F16: 0 | G16: =E16 -> 0 | H16: =MEHSANA!E16 -> 0 | I16: =MEHSANA!F16 -> 0 | J16: 0 | K16: =I16 -> 0 | L16: ='DM ABAD'!E15 -> 722 | M16: ='DM ABAD'!F15 -> 805 | N16: 0 | O16: =M16 -> 805 | P16: =RAJKOT!E15 -> 38 | Q16: =RAJKOT!F15 -> 158 | R16: 0 | S16: =Q16 -> 158 | T16: =JUNAGADH!E16 -> 0 | U16: =JUNAGADH!F16 -> 0 | V16: 0 | W16: =U16 -> 0 | X16: =BHAVNAGAR!E16 -> 0 | Y16: =BHAVNAGAR!F16 -> 0 | Z16: 0 | AA16: =Y16 -> 0 | AB16: =BHUJ!E16 -> 0 | AC16: =BHUJ!F16 -> 0 | AD16: 0 | AE16: =AC16 -> 0 | AF16: ='DM RAJKOT'!E15 -> 145 | AG16: ='DM RAJKOT'!F15 -> 490 | AH16: 0 | AI16: =AG16 -> 490 | AJ16: =SURAT!E16 -> 0 | AK16: =SURAT!F16 -> 0 | AL16: 0 | AM16: =AK16 -> 0 | AN16: =BARODA!E16 -> 0 | AO16: =BARODA!F16 -> 0 | AP16: 0 | AQ16: =AO16 -> 0 | AR16: ='DM SURAT'!E15 -> 780 | AS16: ='DM SURAT'!F15 -> 1069 | AT16: 0 | AU16: =AS16 -> 1069 | AV16: ='RM - NARESH'!E15 -> 1647 | AW16: ='RM - NARESH'!F15 -> 2364 | AX16: 0 | AY16: =AW16 -> 2364
A17: 14 | B17: ZEFRICH BAN VAN TP 200ML RTD | C17: 48.21 | D17: =AHMEDABAD!E17 -> 5.915783 | E17: =AHMEDABAD!F17 -> 8.5350374 | F17: 0 | G17: =E17 -> 8.5350374 | H17: =MEHSANA!E17 -> 2.3450722 | I17: =MEHSANA!F17 -> 2.6669235 | J17: 0 | K17: =I17 -> 2.6669235 | L17: ='DM ABAD'!E16 -> 0 | M17: ='DM ABAD'!F16 -> 0 | N17: 0 | O17: =M17 -> 0 | P17: =RAJKOT!E16 -> 0 | Q17: =RAJKOT!F16 -> 0 | R17: 0 | S17: =Q17 -> 0 | T17: =JUNAGADH!E17 -> 3.1802901 | U17: =JUNAGADH!F17 -> 3.7234853 | V17: 0 | W17: =U17 -> 3.7234853 | X17: =BHAVNAGAR!E17 -> 0.4491427 | Y17: =BHAVNAGAR!F17 -> 1.1804122 | Z17: 0 | AA17: =Y17 -> 1.1804122 | AB17: =BHUJ!E17 -> 0.6264603 | AC17: =BHUJ!F17 -> 1.1933022 | AD17: 0 | AE17: =AC17 -> 1.1933022 | AF17: ='DM RAJKOT'!E16 -> 0 | AG17: ='DM RAJKOT'!F16 -> 0 | AH17: 0 | AI17: =AG17 -> 0 | AJ17: =SURAT!#REF! -> #REF! | AK17: =SURAT!#REF! -> #REF! | AL17: 0 | AM17: =AK17 -> #REF! | AN17: =BARODA!#REF! -> #REF! | AO17: =BARODA!#REF! -> #REF! | AP17: 0 | AQ17: =AO17 -> #REF! | AR17: ='DM SURAT'!E16 -> 0 | AS17: ='DM SURAT'!F16 -> 0 | AT17: 0 | AU17: =AS17 -> 0 | AV17: ='RM - NARESH'!E16 -> 0 | AW17: ='RM - NARESH'!F16 -> 0 | AX17: 0 | AY17: =AW17 -> 0
A18: 15 | B18: MUM MUM 1 SSP/UNIT DOSE | C18: 121.43 | D18: =AHMEDABAD!E18 -> 0 | E18: =AHMEDABAD!F18 -> 0 | F18: 0 | G18: =E18 -> 0 | H18: =MEHSANA!E18 -> 0 | I18: =MEHSANA!F18 -> 0 | J18: 0 | K18: =I18 -> 0 | L18: #REF! | M18: #REF! | N18: 0 | O18: =M18 -> #REF! | P18: =RAJKOT!E17 -> 2.7773458 | Q18: =RAJKOT!F17 -> 2.5789404 | R18: 0 | S18: =Q18 -> 2.5789404 | T18: =JUNAGADH!E18 -> 0 | U18: =JUNAGADH!F18 -> 0 | V18: 0 | W18: =U18 -> 0 | X18: =BHAVNAGAR!E18 -> 0 | Y18: =BHAVNAGAR!F18 -> 0 | Z18: 0 | AA18: =Y18 -> 0 | AB18: =BHUJ!E18 -> 0 | AC18: =BHUJ!F18 -> 0 | AD18: 0 | AE18: =AC18 -> 0 | AF18: ='DM RAJKOT'!#REF! -> #REF! | AG18: ='DM RAJKOT'!#REF! -> #REF! | AH18: 0 | AI18: =AG18 -> #REF! | AJ18: =SURAT!#REF! -> #REF! | AK18: =SURAT!#REF! -> #REF! | AL18: 0 | AM18: =AK18 -> #REF! | AN18: =BARODA!#REF! -> #REF! | AO18: =BARODA!#REF! -> #REF! | AP18: 0 | AQ18: =AO18 -> #REF! | AR18: ='DM SURAT'!#REF! -> #REF! | AS18: ='DM SURAT'!#REF! -> #REF! | AT18: 0 | AU18: =AS18 -> #REF! | AV18: ='RM - NARESH'!#REF! -> #REF! | AW18: ='RM - NARESH'!#REF! -> #REF! | AX18: 0 | AY18: =AW18 -> #REF!
A19: 16 | B19: R5 IMMUNITY DRINK 200 ML | C19: 22.5 | D19: =AHMEDABAD!E19 -> S.S. | E19: =AHMEDABAD!F19 -> C.S. | F19: 0 | G19: =E19 -> C.S. | H19: =MEHSANA!E19 -> S.S. | I19: =MEHSANA!F19 -> C.S. | J19: 0 | K19: =I19 -> C.S. | L19: #REF! | M19: #REF! | N19: 0 | O19: =M19 -> #REF! | P19: =RAJKOT!E18 -> 0 | Q19: =RAJKOT!F18 -> 0 | R19: 0 | S19: =Q19 -> 0 | T19: =JUNAGADH!E19 -> S.S. | U19: =JUNAGADH!F19 -> C.S. | V19: 0 | W19: =U19 -> C.S. | X19: =BHAVNAGAR!E19 -> S.S. | Y19: =BHAVNAGAR!F19 -> C.S. | Z19: 0 | AA19: =Y19 -> C.S. | AB19: =BHUJ!E19 -> S.S. | AC19: =BHUJ!F19 -> C.S. | AD19: 0 | AE19: =AC19 -> C.S. | AF19: ='DM RAJKOT'!#REF! -> #REF! | AG19: ='DM RAJKOT'!#REF! -> #REF! | AH19: 0 | AI19: =AG19 -> #REF! | AJ19: =SURAT!#REF! -> #REF! | AK19: =SURAT!#REF! -> #REF! | AL19: 0 | AM19: =AK19 -> #REF! | AN19: =BARODA!#REF! -> #REF! | AO19: =BARODA!#REF! -> #REF! | AP19: 0 | AQ19: =AO19 -> #REF! | AR19: ='DM SURAT'!#REF! -> #REF! | AS19: ='DM SURAT'!#REF! -> #REF! | AT19: 0 | AU19: =AS19 -> #REF! | AV19: ='RM - NARESH'!#REF! -> #REF! | AW19: ='RM - NARESH'!#REF! -> #REF! | AX19: 0 | AY19: =AW19 -> #REF!
A20: 17
A21: 18
A22: 19
A23: 20
B24: Total | D24: =AHMEDABAD!E24 -> 5.3340786 | E24: =AHMEDABAD!F24 -> 7.9204852 | F24: 0 | G24: =E24 -> 7.9204852 | H24: =SUMPRODUCT($C4:$C23,H4:H23)/100000 -> 2.1201333 | I24: =SUMPRODUCT($C4:$C23,I4:I23)/100000 -> 2.2848549 | J24: =SUMPRODUCT($C4:$C23,J4:J23)/100000 -> 0 | K24: =SUMPRODUCT($C4:$C23,K4:K23)/100000 -> 2.2848549 | P24: =SUMPRODUCT($C4:$C23,P4:P23)/100000 -> 2.7538179 | Q24: =SUMPRODUCT($C4:$C23,Q4:Q23)/100000 -> 2.2809523 | R24: =SUMPRODUCT($C4:$C23,R4:R23)/100000 -> 0 | S24: =SUMPRODUCT($C4:$C23,S4:S23)/100000 -> 2.2809523 | T24: =SUMPRODUCT($C4:$C23,T4:T23)/100000 -> 3.1571472 | U24: =SUMPRODUCT($C4:$C23,U4:U23)/100000 -> 3.432786 | V24: =SUMPRODUCT($C4:$C23,V4:V23)/100000 -> 0 | W24: =SUMPRODUCT($C4:$C23,W4:W23)/100000 -> 3.432786 | ... AE24: =SUMPRODUCT($C4:$C23,AE4:AE23)/100000 -> 1.0084111 | AJ24: =SUMPRODUCT($C4:$C23,AJ4:AJ23)/100000 -> #REF! | AK24: =SUMPRODUCT($C4:$C23,AK4:AK23)/100000 -> #REF! | AL24: =SUMPRODUCT($C4:$C23,AL4:AL23)/100000 -> 0 | AM24: =SUMPRODUCT($C4:$C23,AM4:AM23)/100000 -> #REF! | AN24: =SUMPRODUCT($C4:$C23,AN4:AN23)/100000 -> #REF! | AO24: =SUMPRODUCT($C4:$C23,AO4:AO23)/100000 -> #REF! | AP24: =SUMPRODUCT($C4:$C23,AP4:AP23)/100000 -> 0 | AQ24: =SUMPRODUCT($C4:$C23,AQ4:AQ23)/100000 -> #REF! | ... AY24: =SUMPRODUCT($C4:$C23,AY4:AY23)/100000 -> #REF!
B26: MAY 2023-24 | D26: AHMEDABAD POOL | H26: MEHSANA | L26: DM AHMEDABAD | P26: RAJKOT | T26: JUNAGADH | X26: BHAVNAGAR | AB26: BHUJ | AF26: DM RAJKOT | AJ26: SURAT POOL | AN26: BARODA POOL | AR26: DM SURAT | AV26: RM AHMEDABAD
A27: S.No | B27: PRODUCT | C27: Billing Price 23-24 | D27: SEC | E27: CLG | F27: GIT | G27: TOT. CLG. WITH GIT | H27: SEC | I27: CLG | J27: GIT | K27: TOT. CLG. WITH GIT | L27: SEC | M27: CLG | N27: GIT | O27: TOT. CLG. WITH GIT | P27: SEC | Q27: CLG | R27: GIT | S27: TOT. CLG. WITH GIT | T27: SEC | U27: CLG | V27: GIT | W27: TOT. CLG. WITH GIT | X27: SEC | Y27: CLG | Z27: GIT | AA27: TOT. CLG. WITH GIT | AB27: SEC | AC27: CLG | AD27: GIT | AE27: TOT. CLG. WITH GIT | AF27: SEC | AG27: CLG | AH27: GIT | AI27: TOT. CLG. WITH GIT | AJ27: SEC | AK27: CLG | AL27: GIT | AM27: TOT. CLG. WITH GIT | AN27: SEC | AO27: CLG | AP27: GIT | AQ27: TOT. CLG. WITH GIT | AR27: SEC | AS27: CLG | AT27: GIT | AU27: TOT. CLG. WITH GIT | AV27: SEC | AW27: CLG | AX27: GIT | AY27: TOT. CLG. WITH GIT
A28: 1 | B28: HUMYL MILK MASALA 200 GM | C28: 183.05
A29: 2 | B29: ZEFRICH CHOCOLATE 200 GM | C29: 198.31
A30: 3 | B30: ZEFRICH MILK MASALA 200 GM | C30: 198.31
A31: 4 | B31: SIMYL MCT OIL (HDPE) 100 ML | C31: 180
A32: 5 | B32: SIMYL MCT 200 GM | C32: 167.8
A33: 6 | B33: SIMYL MCT 400 GM | C33: 311.19
A34: 7 | B34: SIMYL-LBW 400 GM | C34: 305.08
A35: 8 | B35: MUMMUM-1 400 GM | C35: 234.92
A36: 9 | B36: MUMMUM-2 400 GM | C36: 234.92
A37: 10 | B37: ZIORAL ORAL SOLUTION 100 ML | C37: 57.99
A38: 11 | B38: ZIORAL DROPS 15 ML | C38: 46.67
A39: 12 | B39: ZIORAL TABLETS 15 T | C39: 38.57
... A43: 16 | B43: R5 IMMUNITY DRINK 200 ML | C43: 22.5
A44: 17
A45: 18
A46: 19
A47: 20
B48: Total | D48: =SUMPRODUCT($C28:$C47,D28:D47)/100000 -> 0 | E48: =SUMPRODUCT($C28:$C47,E28:E47)/100000 -> 0 | F48: =SUMPRODUCT($C28:$C47,F28:F47)/100000 -> 0 | G48: =SUMPRODUCT($C28:$C47,G28:G47)/100000 -> 0 | H48: =SUMPRODUCT($C28:$C47,H28:H47)/100000 -> 0 | I48: =SUMPRODUCT($C28:$C47,I28:I47)/100000 -> 0 | J48: =SUMPRODUCT($C28:$C47,J28:J47)/100000 -> 0 | K48: =SUMPRODUCT($C28:$C47,K28:K47)/100000 -> 0 | P48: =SUMPRODUCT($C28:$C47,P28:P47)/100000 -> 0 | Q48: =SUMPRODUCT($C28:$C47,Q28:Q47)/100000 -> 0 | R48: =SUMPRODUCT($C28:$C47,R28:R47)/100000 -> 0 | S48: =SUMPRODUCT($C28:$C47,S28:S47)/100000 -> 0 | T48: =SUMPRODUCT($C28:$C47,T28:T47)/100000 -> 0 | U48: =SUMPRODUCT($C28:$C47,U28:U47)/100000 -> 0 | V48: =SUMPRODUCT($C28:$C47,V28:V47)/100000 -> 0 | W48: =SUMPRODUCT($C28:$C47,W28:W47)/100000 -> 0 | ... AE48: =SUMPRODUCT($C28:$C47,AE28:AE47)/100000 -> 0 | AJ48: =SUMPRODUCT($C28:$C47,AJ28:AJ47)/100000 -> 0 | AK48: =SUMPRODUCT($C28:$C47,AK28:AK47)/100000 -> 0 | AL48: =SUMPRODUCT($C28:$C47,AL28:AL47)/100000 -> 0 | AM48: =SUMPRODUCT($C28:$C47,AM28:AM47)/100000 -> 0 | AN48: =SUMPRODUCT($C28:$C47,AN28:AN47)/100000 -> 0 | AO48: =SUMPRODUCT($C28:$C47,AO28:AO47)/100000 -> 0 | AP48: =SUMPRODUCT($C28:$C47,AP28:AP47)/100000 -> 0 | AQ48: =SUMPRODUCT($C28:$C47,AQ28:AQ47)/100000 -> 0 | ... AY48: =SUMPRODUCT($C28:$C47,AY28:AY47)/100000 -> 0
B50: JUNE 2023-24 | D50: AHMEDABAD POOL | H50: MEHSANA | L50: DM AHMEDABAD | P50: RAJKOT | T50: JUNAGADH | X50: BHAVNAGAR | AB50: BHUJ | AF50: DM RAJKOT | AJ50: SURAT POOL | AN50: BARODA POOL | AR50: DM SURAT | AV50: RM AHMEDABAD
A51: S.No | B51: PRODUCT | C51: Billing Price 23-24 | D51: SEC | E51: CLG | F51: GIT | G51: TOT. CLG. WITH GIT | H51: SEC | I51: CLG | J51: GIT | K51: TOT. CLG. WITH GIT | L51: SEC | M51: CLG | N51: GIT | O51: TOT. CLG. WITH GIT | P51: SEC | Q51: CLG | R51: GIT | S51: TOT. CLG. WITH GIT | T51: SEC | U51: CLG | V51: GIT | W51: TOT. CLG. WITH GIT | X51: SEC | Y51: CLG | Z51: GIT | AA51: TOT. CLG. WITH GIT | AB51: SEC | AC51: CLG | AD51: GIT | AE51: TOT. CLG. WITH GIT | AF51: SEC | AG51: CLG | AH51: GIT | AI51: TOT. CLG. WITH GIT | AJ51: SEC | AK51: CLG | AL51: GIT | AM51: TOT. CLG. WITH GIT | AN51: SEC | AO51: CLG | AP51: GIT | AQ51: TOT. CLG. WITH GIT | AR51: SEC | AS51: CLG | AT51: GIT | AU51: TOT. CLG. WITH GIT | AV51: SEC | AW51: CLG | AX51: GIT | AY51: TOT. CLG. WITH GIT
A52: 1 | B52: HUMYL MILK MASALA 200 GM | C52: 183.05
A53: 2 | B53: ZEFRICH CHOCOLATE 200 GM | C53: 198.31
A54: 3 | B54: ZEFRICH MILK MASALA 200 GM | C54: 198.31
A55: 4 | B55: SIMYL MCT OIL (HDPE) 100 ML | C55: 180
A56: 5 | B56: SIMYL MCT 200 GM | C56: 167.8
A57: 6 | B57: SIMYL MCT 400 GM | C57: 311.19
A58: 7 | B58: SIMYL-LBW 400 GM | C58: 305.08
A59: 8 | B59: MUMMUM-1 400 GM | C59: 234.92
A60: 9 | B60: MUMMUM-2 400 GM | C60: 234.92
A61: 10 | B61: ZIORAL ORAL SOLUTION 100 ML | C61: 57.99
A62: 11 | B62: ZIORAL DROPS 15 ML | C62: 46.67
A63: 12 | B63: ZIORAL TABLETS 15 T | C63: 38.57
... A67: 16 | B67: R5 IMMUNITY DRINK 200 ML | C67: 22.5
A68: 17
A69: 18
A70: 19
A71: 20
B72: Total | D72: =SUMPRODUCT($C52:$C71,D52:D71)/100000 -> 0 | E72: =SUMPRODUCT($C52:$C71,E52:E71)/100000 -> 0 | F72: =SUMPRODUCT($C52:$C71,F52:F71)/100000 -> 0 | G72: =SUMPRODUCT($C52:$C71,G52:G71)/100000 -> 0 | H72: =SUMPRODUCT($C52:$C71,H52:H71)/100000 -> 0 | I72: =SUMPRODUCT($C52:$C71,I52:I71)/100000 -> 0 | J72: =SUMPRODUCT($C52:$C71,J52:J71)/100000 -> 0 | K72: =SUMPRODUCT($C52:$C71,K52:K71)/100000 -> 0 | P72: =SUMPRODUCT($C52:$C71,P52:P71)/100000 -> 0 | Q72: =SUMPRODUCT($C52:$C71,Q52:Q71)/100000 -> 0 | R72: =SUMPRODUCT($C52:$C71,R52:R71)/100000 -> 0 | S72: =SUMPRODUCT($C52:$C71,S52:S71)/100000 -> 0 | T72: =SUMPRODUCT($C52:$C71,T52:T71)/100000 -> 0 | U72: =SUMPRODUCT($C52:$C71,U52:U71)/100000 -> 0 | V72: =SUMPRODUCT($C52:$C71,V52:V71)/100000 -> 0 | W72: =SUMPRODUCT($C52:$C71,W52:W71)/100000 -> 0 | ... AE72: =SUMPRODUCT($C52:$C71,AE52:AE71)/100000 -> 0 | AJ72: =SUMPRODUCT($C52:$C71,AJ52:AJ71)/100000 -> 0 | AK72: =SUMPRODUCT($C52:$C71,AK52:AK71)/100000 -> 0 | AL72: =SUMPRODUCT($C52:$C71,AL52:AL71)/100000 -> 0 | AM72: =SUMPRODUCT($C52:$C71,AM52:AM71)/100000 -> 0 | AN72: =SUMPRODUCT($C52:$C71,AN52:AN71)/100000 -> 0 | AO72: =SUMPRODUCT($C52:$C71,AO52:AO71)/100000 -> 0 | AP72: =SUMPRODUCT($C52:$C71,AP52:AP71)/100000 -> 0 | AQ72: =SUMPRODUCT($C52:$C71,AQ52:AQ71)/100000 -> 0 | ... AY72: =SUMPRODUCT($C52:$C71,AY52:AY71)/100000 -> 0
B74: JULY 2023-24 | D74: AHMEDABAD POOL | H74: MEHSANA | L74: DM AHMEDABAD | P74: RAJKOT | T74: JUNAGADH | X74: BHAVNAGAR | AB74: BHUJ | AF74: DM RAJKOT | AJ74: SURAT POOL | AN74: BARODA POOL | AR74: DM SURAT | AV74: RM AHMEDABAD
A75: S.No | B75: PRODUCT | C75: Billing Price 23-24 | D75: SEC | E75: CLG | F75: GIT | G75: TOT. CLG. WITH GIT | H75: SEC | I75: CLG | J75: GIT | K75: TOT. CLG. WITH GIT | L75: SEC | M75: CLG | N75: GIT | O75: TOT. CLG. WITH GIT | P75: SEC | Q75: CLG | R75: GIT | S75: TOT. CLG. WITH GIT | T75: SEC | U75: CLG | V75: GIT | W75: TOT. CLG. WITH GIT | X75: SEC | Y75: CLG | Z75: GIT | AA75: TOT. CLG. WITH GIT | AB75: SEC | AC75: CLG | AD75: GIT | AE75: TOT. CLG. WITH GIT | AF75: SEC | AG75: CLG | AH75: GIT | AI75: TOT. CLG. WITH GIT | AJ75: SEC | AK75: CLG | AL75: GIT | AM75: TOT. CLG. WITH GIT | AN75: SEC | AO75: CLG | AP75: GIT | AQ75: TOT. CLG. WITH GIT | AR75: SEC | AS75: CLG | AT75: GIT | AU75: TOT. CLG. WITH GIT | AV75: SEC | AW75: CLG | AX75: GIT | AY75: TOT. CLG. WITH GIT
A76: 1 | B76: HUMYL MILK MASALA 200 GM | C76: 183.05
A77: 2 | B77: ZEFRICH CHOCOLATE 200 GM | C77: 198.31
A78: 3 | B78: ZEFRICH MILK MASALA 200 GM | C78: 198.31
A79: 4 | B79: SIMYL MCT OIL (HDPE) 100 ML | C79: 180
A80: 5 | B80: SIMYL MCT 200 GM | C80: 167.8
A81: 6 | B81: SIMYL MCT 400 GM | C81: 311.19
A82: 7 | B82: SIMYL-LBW 400 GM | C82: 305.08
A83: 8 | B83: MUMMUM-1 400 GM | C83: 234.92
A84: 9 | B84: MUMMUM-2 400 GM | C84: 234.92
A85: 10 | B85: ZIORAL ORAL SOLUTION 100 ML | C85: 57.99
A86: 11 | B86: ZIORAL DROPS 15 ML | C86: 46.67
A87: 12 | B87: ZIORAL TABLETS 15 T | C87: 38.57
... A91: 16 | B91: R5 IMMUNITY DRINK 200 ML | C91: 22.5
A92: 17
A93: 18
A94: 19
A95: 20
B96: Total | D96: =SUMPRODUCT($C76:$C95,D76:D95)/100000 -> 0 | E96: =SUMPRODUCT($C76:$C95,E76:E95)/100000 -> 0 | F96: =SUMPRODUCT($C76:$C95,F76:F95)/100000 -> 0 | G96: =SUMPRODUCT($C76:$C95,G76:G95)/100000 -> 0 | H96: =SUMPRODUCT($C76:$C95,H76:H95)/100000 -> 0 | I96: =SUMPRODUCT($C76:$C95,I76:I95)/100000 -> 0 | J96: =SUMPRODUCT($C76:$C95,J76:J95)/100000 -> 0 | K96: =SUMPRODUCT($C76:$C95,K76:K95)/100000 -> 0 | P96: =SUMPRODUCT($C76:$C95,P76:P95)/100000 -> 0 | Q96: =SUMPRODUCT($C76:$C95,Q76:Q95)/100000 -> 0 | R96: =SUMPRODUCT($C76:$C95,R76:R95)/100000 -> 0 | S96: =SUMPRODUCT($C76:$C95,S76:S95)/100000 -> 0 | T96: =SUMPRODUCT($C76:$C95,T76:T95)/100000 -> 0 | U96: =SUMPRODUCT($C76:$C95,U76:U95)/100000 -> 0 | V96: =SUMPRODUCT($C76:$C95,V76:V95)/100000 -> 0 | W96: =SUMPRODUCT($C76:$C95,W76:W95)/100000 -> 0 | ... AE96: =SUMPRODUCT($C76:$C95,AE76:AE95)/100000 -> 0 | AJ96: =SUMPRODUCT($C76:$C95,AJ76:AJ95)/100000 -> 0 | AK96: =SUMPRODUCT($C76:$C95,AK76:AK95)/100000 -> 0 | AL96: =SUMPRODUCT($C76:$C95,AL76:AL95)/100000 -> 0 | AM96: =SUMPRODUCT($C76:$C95,AM76:AM95)/100000 -> 0 | AN96: =SUMPRODUCT($C76:$C95,AN76:AN95)/100000 -> 0 | AO96: =SUMPRODUCT($C76:$C95,AO76:AO95)/100000 -> 0 | AP96: =SUMPRODUCT($C76:$C95,AP76:AP95)/100000 -> 0 | AQ96: =SUMPRODUCT($C76:$C95,AQ76:AQ95)/100000 -> 0 | ... AY96: =SUMPRODUCT($C76:$C95,AY76:AY95)/100000 -> 0
B98: AUGUST 2023-24 | D98: AHMEDABAD POOL | H98: MEHSANA | L98: DM AHMEDABAD | P98: RAJKOT | T98: JUNAGADH | X98: BHAVNAGAR | AB98: BHUJ | AF98: DM RAJKOT | AJ98: SURAT POOL | AN98: BARODA POOL | AR98: DM SURAT | AV98: RM AHMEDABAD
A99: S.No | B99: PRODUCT | C99: Billing Price 23-24 | D99: SEC | E99: CLG | F99: GIT | G99: TOT. CLG. WITH GIT | H99: SEC | I99: CLG | J99: GIT | K99: TOT. CLG. WITH GIT | L99: SEC | M99: CLG | N99: GIT | O99: TOT. CLG. WITH GIT | P99: SEC | Q99: CLG | R99: GIT | S99: TOT. CLG. WITH GIT | T99: SEC | U99: CLG | V99: GIT | W99: TOT. CLG. WITH GIT | X99: SEC | Y99: CLG | Z99: GIT | AA99: TOT. CLG. WITH GIT | AB99: SEC | AC99: CLG | AD99: GIT | AE99: TOT. CLG. WITH GIT | AF99: SEC | AG99: CLG | AH99: GIT | AI99: TOT. CLG. WITH GIT | AJ99: SEC | AK99: CLG | AL99: GIT | AM99: TOT. CLG. WITH GIT | AN99: SEC | AO99: CLG | AP99: GIT | AQ99: TOT. CLG. WITH GIT | AR99: SEC | AS99: CLG | AT99: GIT | AU99: TOT. CLG. WITH GIT | AV99: SEC | AW99: CLG | AX99: GIT | AY99: TOT. CLG. WITH GIT
A100: 1 | B100: HUMYL MILK MASALA 200 GM | C100: 183.05
A101: 2 | B101: ZEFRICH CHOCOLATE 200 GM | C101: 198.31
A102: 3 | B102: ZEFRICH MILK MASALA 200 GM | C102: 198.31
A103: 4 | B103: SIMYL MCT OIL (HDPE) 100 ML | C103: 180
A104: 5 | B104: SIMYL MCT 200 GM | C104: 167.8
A105: 6 | B105: SIMYL MCT 400 GM | C105: 311.19
A106: 7 | B106: SIMYL-LBW 400 GM | C106: 305.08
A107: 8 | B107: MUMMUM-1 400 GM | C107: 234.92
A108: 9 | B108: MUMMUM-2 400 GM | C108: 234.92
A109: 10 | B109: ZIORAL ORAL SOLUTION 100 ML | C109: 57.99
A110: 11 | B110: ZIORAL DROPS 15 ML | C110: 46.67
A111: 12 | B111: ZIORAL TABLETS 15 T | C111: 38.57
... A115: 16 | B115: R5 IMMUNITY DRINK 200 ML | C115: 22.5
A116: 17
A117: 18
...

Sheet RM - NARESH
A1: 2026_27 | C1: AHMEDABAD - RM | E1: APR'26 | G1: MAY'26 | I1: JUN'26 | K1: JUL'26 | M1: AUG'26 | O1: SEP'26 | Q1: OCT'26 | S1: NOV'26 | U1: DEC'26 | W1: JAN'26 | Y1: FEB'26 | AA1: MAR'26
B2: S.No | C2: PRODUCT | D2: PTS | E2: S.S. | F2: C.S. | G2: S.S. | H2: C.S. | I2: S.S. | J2: C.S. | K2: S.S. | L2: C.S. | M2: S.S. | N2: C.S. | O2: S.S. | P2: C.S. | Q2: S.S. | R2: C.S. | S2: S.S. | T2: C.S. | U2: S.S. | V2: C.S. | W2: S.S. | X2: C.S. | Y2: S.S. | Z2: C.S. | AA2: S.S. | AB2: C.S.
A3: Total Sales | B3: 1 | C3: CALYUMM P SUP 200 ML | D3: 92.9 | E3: ='DM ABAD'!E3+'DM RAJKOT'!E3+'DM SURAT'!E3 -> 106 | F3: ='DM ABAD'!F3+'DM RAJKOT'!F3+'DM SURAT'!F3 -> 327 | G3: ='DM ABAD'!G3+'DM RAJKOT'!G3+'DM SURAT'!G3 -> 45 | H3: ='DM ABAD'!H3+'DM RAJKOT'!H3+'DM SURAT'!H3 -> 101 | I3: ='DM ABAD'!I3+'DM RAJKOT'!I3+'DM SURAT'!I3 -> 95 | J3: ='DM ABAD'!J3+'DM RAJKOT'!J3+'DM SURAT'!J3 -> 373 | K3: ='DM ABAD'!K3+'DM RAJKOT'!K3+'DM SURAT'!K3 -> 2 | L3: ='DM ABAD'!L3+'DM RAJKOT'!L3+'DM SURAT'!L3 -> 7 | ... AB3: ='DM ABAD'!AB3+'DM RAJKOT'!AB3+'DM SURAT'!AB3 -> 0
B4: 2 | C4: MUMMUM-1 200 GM | D4: 154.38 | E4: ='DM ABAD'!E4+'DM RAJKOT'!E4+'DM SURAT'!E4 -> 617 | F4: ='DM ABAD'!F4+'DM RAJKOT'!F4+'DM SURAT'!F4 -> 890 | G4: ='DM ABAD'!G4+'DM RAJKOT'!G4+'DM SURAT'!G4 -> 166 | H4: ='DM ABAD'!H4+'DM RAJKOT'!H4+'DM SURAT'!H4 -> 217 | I4: ='DM ABAD'!I4+'DM RAJKOT'!I4+'DM SURAT'!I4 -> 179 | J4: ='DM ABAD'!J4+'DM RAJKOT'!J4+'DM SURAT'!J4 -> 411 | K4: ='DM ABAD'!K4+'DM RAJKOT'!K4+'DM SURAT'!K4 -> 0 | L4: ='DM ABAD'!L4+'DM RAJKOT'!L4+'DM SURAT'!L4 -> 0 | ... AB4: ='DM ABAD'!AB4+'DM RAJKOT'!AB4+'DM SURAT'!AB4 -> 0
B5: 3 | C5: MUMMUM-1 400 GM | D5: 283.73 | E5: ='DM ABAD'!E5+'DM RAJKOT'!E5+'DM SURAT'!E5 -> 1067 | F5: ='DM ABAD'!F5+'DM RAJKOT'!F5+'DM SURAT'!F5 -> 1295 | G5: ='DM ABAD'!G5+'DM RAJKOT'!G5+'DM SURAT'!G5 -> 344 | H5: ='DM ABAD'!H5+'DM RAJKOT'!H5+'DM SURAT'!H5 -> 265 | I5: ='DM ABAD'!I5+'DM RAJKOT'!I5+'DM SURAT'!I5 -> 379 | J5: ='DM ABAD'!J5+'DM RAJKOT'!J5+'DM SURAT'!J5 -> 665 | K5: ='DM ABAD'!K5+'DM RAJKOT'!K5+'DM SURAT'!K5 -> 7 | L5: ='DM ABAD'!L5+'DM RAJKOT'!L5+'DM SURAT'!L5 -> 36 | ... AB5: ='DM ABAD'!AB5+'DM RAJKOT'!AB5+'DM SURAT'!AB5 -> 0
B6: 4 | C6: MUMMUM-2 400 GM | D6: 344.75 | E6: ='DM ABAD'!E6+'DM RAJKOT'!E6+'DM SURAT'!E6 -> 717 | F6: ='DM ABAD'!F6+'DM RAJKOT'!F6+'DM SURAT'!F6 -> 982 | G6: ='DM ABAD'!G6+'DM RAJKOT'!G6+'DM SURAT'!G6 -> 165 | H6: ='DM ABAD'!H6+'DM RAJKOT'!H6+'DM SURAT'!H6 -> 200 | I6: ='DM ABAD'!I6+'DM RAJKOT'!I6+'DM SURAT'!I6 -> 181 | J6: ='DM ABAD'!J6+'DM RAJKOT'!J6+'DM SURAT'!J6 -> 448 | K6: ='DM ABAD'!K6+'DM RAJKOT'!K6+'DM SURAT'!K6 -> 17 | L6: ='DM ABAD'!L6+'DM RAJKOT'!L6+'DM SURAT'!L6 -> 40 | ... AB6: ='DM ABAD'!AB6+'DM RAJKOT'!AB6+'DM SURAT'!AB6 -> 0
B7: 5 | C7: SIMYL MCT 200 GM | D7: 208.06 | E7: ='DM ABAD'!E7+'DM RAJKOT'!E7+'DM SURAT'!E7 -> 939 | F7: ='DM ABAD'!F7+'DM RAJKOT'!F7+'DM SURAT'!F7 -> 1410 | G7: ='DM ABAD'!G7+'DM RAJKOT'!G7+'DM SURAT'!G7 -> 232 | H7: ='DM ABAD'!H7+'DM RAJKOT'!H7+'DM SURAT'!H7 -> 301 | I7: ='DM ABAD'!I7+'DM RAJKOT'!I7+'DM SURAT'!I7 -> 716 | J7: ='DM ABAD'!J7+'DM RAJKOT'!J7+'DM SURAT'!J7 -> 1097 | K7: ='DM ABAD'!K7+'DM RAJKOT'!K7+'DM SURAT'!K7 -> 28 | L7: ='DM ABAD'!L7+'DM RAJKOT'!L7+'DM SURAT'!L7 -> 141 | ... AB7: ='DM ABAD'!AB7+'DM RAJKOT'!AB7+'DM SURAT'!AB7 -> 0
B8: 6 | C8: SIMYL MCT 400 GM | D8: 399.65 | E8: ='DM ABAD'!E8+'DM RAJKOT'!E8+'DM SURAT'!E8 -> 887 | F8: ='DM ABAD'!F8+'DM RAJKOT'!F8+'DM SURAT'!F8 -> 1221 | G8: ='DM ABAD'!G8+'DM RAJKOT'!G8+'DM SURAT'!G8 -> 185 | H8: ='DM ABAD'!H8+'DM RAJKOT'!H8+'DM SURAT'!H8 -> 336 | I8: ='DM ABAD'!I8+'DM RAJKOT'!I8+'DM SURAT'!I8 -> 563 | J8: ='DM ABAD'!J8+'DM RAJKOT'!J8+'DM SURAT'!J8 -> 879 | K8: ='DM ABAD'!K8+'DM RAJKOT'!K8+'DM SURAT'!K8 -> 6 | L8: ='DM ABAD'!L8+'DM RAJKOT'!L8+'DM SURAT'!L8 -> 39 | ... AB8: ='DM ABAD'!AB8+'DM RAJKOT'!AB8+'DM SURAT'!AB8 -> 0
B9: 7 | C9: SIMYL MCT OIL (HDPE) 100 ML | D9: 228.82 | E9: ='DM ABAD'!E9+'DM RAJKOT'!E9+'DM SURAT'!E9 -> 4405 | F9: ='DM ABAD'!F9+'DM RAJKOT'!F9+'DM SURAT'!F9 -> 4232 | G9: ='DM ABAD'!G9+'DM RAJKOT'!G9+'DM SURAT'!G9 -> 840 | H9: ='DM ABAD'!H9+'DM RAJKOT'!H9+'DM SURAT'!H9 -> 973 | I9: ='DM ABAD'!I9+'DM RAJKOT'!I9+'DM SURAT'!I9 -> 1814 | J9: ='DM ABAD'!J9+'DM RAJKOT'!J9+'DM SURAT'!J9 -> 2501 | K9: ='DM ABAD'!K9+'DM RAJKOT'!K9+'DM SURAT'!K9 -> 146 | L9: ='DM ABAD'!L9+'DM RAJKOT'!L9+'DM SURAT'!L9 -> 280 | ... AB9: ='DM ABAD'!AB9+'DM RAJKOT'!AB9+'DM SURAT'!AB9 -> 0
B10: 8 | C10: SIMYL-LBW 400 GM | D10: 402.71 | E10: ='DM ABAD'!E10+'DM RAJKOT'!E10+'DM SURAT'!E10 -> 171 | F10: ='DM ABAD'!F10+'DM RAJKOT'!F10+'DM SURAT'!F10 -> 446 | G10: ='DM ABAD'!G10+'DM RAJKOT'!G10+'DM SURAT'!G10 -> 63 | H10: ='DM ABAD'!H10+'DM RAJKOT'!H10+'DM SURAT'!H10 -> 80 | I10: ='DM ABAD'!I10+'DM RAJKOT'!I10+'DM SURAT'!I10 -> 148 | J10: ='DM ABAD'!J10+'DM RAJKOT'!J10+'DM SURAT'!J10 -> 214 | K10: ='DM ABAD'!K10+'DM RAJKOT'!K10+'DM SURAT'!K10 -> 0 | L10: ='DM ABAD'!L10+'DM RAJKOT'!L10+'DM SURAT'!L10 -> 0 | ... AB10: ='DM ABAD'!AB10+'DM RAJKOT'!AB10+'DM SURAT'!AB10 -> 0
B11: 9 | C11: ZEFRICH CHOCOLATE 200 GM | D11: 250.17 | E11: ='DM ABAD'!E11+'DM RAJKOT'!E11+'DM SURAT'!E11 -> 349 | F11: ='DM ABAD'!F11+'DM RAJKOT'!F11+'DM SURAT'!F11 -> 943 | G11: ='DM ABAD'!G11+'DM RAJKOT'!G11+'DM SURAT'!G11 -> 92 | H11: ='DM ABAD'!H11+'DM RAJKOT'!H11+'DM SURAT'!H11 -> 187 | I11: ='DM ABAD'!I11+'DM RAJKOT'!I11+'DM SURAT'!I11 -> 214 | J11: ='DM ABAD'!J11+'DM RAJKOT'!J11+'DM SURAT'!J11 -> 618 | K11: ='DM ABAD'!K11+'DM RAJKOT'!K11+'DM SURAT'!K11 -> 0 | L11: ='DM ABAD'!L11+'DM RAJKOT'!L11+'DM SURAT'!L11 -> 66 | ... AB11: ='DM ABAD'!AB11+'DM RAJKOT'!AB11+'DM SURAT'!AB11 -> 0
B12: 10 | C12: ZEFRICH MILK MASALA 200 GM | D12: 250.17 | E12: ='DM ABAD'!E12+'DM RAJKOT'!E12+'DM SURAT'!E12 -> 219 | F12: ='DM ABAD'!F12+'DM RAJKOT'!F12+'DM SURAT'!F12 -> 750 | G12: ='DM ABAD'!G12+'DM RAJKOT'!G12+'DM SURAT'!G12 -> 6 | H12: ='DM ABAD'!H12+'DM RAJKOT'!H12+'DM SURAT'!H12 -> 70 | I12: ='DM ABAD'!I12+'DM RAJKOT'!I12+'DM SURAT'!I12 -> 96 | J12: ='DM ABAD'!J12+'DM RAJKOT'!J12+'DM SURAT'!J12 -> 316 | K12: ='DM ABAD'!K12+'DM RAJKOT'!K12+'DM SURAT'!K12 -> 0 | L12: ='DM ABAD'!L12+'DM RAJKOT'!L12+'DM SURAT'!L12 -> 0 | ... AB12: ='DM ABAD'!AB12+'DM RAJKOT'!AB12+'DM SURAT'!AB12 -> 0
B13: 11 | C13: ZEFRICH HP M M 200 GM | D13: 228.82 | E13: ='DM ABAD'!E13+'DM RAJKOT'!E13+'DM SURAT'!E13 -> 64 | F13: ='DM ABAD'!F13+'DM RAJKOT'!F13+'DM SURAT'!F13 -> 206 | G13: ='DM ABAD'!G13+'DM RAJKOT'!G13+'DM SURAT'!G13 -> 13 | H13: ='DM ABAD'!H13+'DM RAJKOT'!H13+'DM SURAT'!H13 -> 16 | I13: ='DM ABAD'!I13+'DM RAJKOT'!I13+'DM SURAT'!I13 -> 37 | J13: ='DM ABAD'!J13+'DM RAJKOT'!J13+'DM SURAT'!J13 -> 180 | K13: ='DM ABAD'!K13+'DM RAJKOT'!K13+'DM SURAT'!K13 -> 1 | L13: ='DM ABAD'!L13+'DM RAJKOT'!L13+'DM SURAT'!L13 -> 26 | ... AB13: ='DM ABAD'!AB13+'DM RAJKOT'!AB13+'DM SURAT'!AB13 -> 0
B14: 12 | C14: ZIORAL DROPS 15 ML | D14: 56.38 | E14: ='DM ABAD'!E14+'DM RAJKOT'!E14+'DM SURAT'!E14 -> 1515 | F14: ='DM ABAD'!F14+'DM RAJKOT'!F14+'DM SURAT'!F14 -> 2140 | G14: ='DM ABAD'!G14+'DM RAJKOT'!G14+'DM SURAT'!G14 -> 325 | H14: ='DM ABAD'!H14+'DM RAJKOT'!H14+'DM SURAT'!H14 -> 489 | I14: ='DM ABAD'!I14+'DM RAJKOT'!I14+'DM SURAT'!I14 -> 1059 | J14: ='DM ABAD'!J14+'DM RAJKOT'!J14+'DM SURAT'!J14 -> 1657 | K14: ='DM ABAD'!K14+'DM RAJKOT'!K14+'DM SURAT'!K14 -> 73 | L14: ='DM ABAD'!L14+'DM RAJKOT'!L14+'DM SURAT'!L14 -> 164 | ... AB14: ='DM ABAD'!AB14+'DM RAJKOT'!AB14+'DM SURAT'!AB14 -> 0
B15: 13 | C15: ZIORAL ORAL SYP 100 ML | D15: 70.14 | E15: ='DM ABAD'!E15+'DM RAJKOT'!E15+'DM SURAT'!E15 -> 1647 | F15: ='DM ABAD'!F15+'DM RAJKOT'!F15+'DM SURAT'!F15 -> 2364 | G15: ='DM ABAD'!G15+'DM RAJKOT'!G15+'DM SURAT'!G15 -> 268 | H15: ='DM ABAD'!H15+'DM RAJKOT'!H15+'DM SURAT'!H15 -> 369 | I15: ='DM ABAD'!I15+'DM RAJKOT'!I15+'DM SURAT'!I15 -> 815 | J15: ='DM ABAD'!J15+'DM RAJKOT'!J15+'DM SURAT'!J15 -> 1798 | K15: ='DM ABAD'!K15+'DM RAJKOT'!K15+'DM SURAT'!K15 -> 154 | L15: ='DM ABAD'!L15+'DM RAJKOT'!L15+'DM SURAT'!L15 -> 149 | ... AB15: ='DM ABAD'!AB15+'DM RAJKOT'!AB15+'DM SURAT'!AB15 -> 0
B16: 14 | E16: ='DM ABAD'!E16+'DM RAJKOT'!E16+'DM SURAT'!E16 -> 0 | F16: ='DM ABAD'!F16+'DM RAJKOT'!F16+'DM SURAT'!F16 -> 0 | G16: ='DM ABAD'!G16+'DM RAJKOT'!G16+'DM SURAT'!G16 -> 0 | H16: ='DM ABAD'!H16+'DM RAJKOT'!H16+'DM SURAT'!H16 -> 0 | I16: ='DM ABAD'!I16+'DM RAJKOT'!I16+'DM SURAT'!I16 -> 0 | J16: ='DM ABAD'!J16+'DM RAJKOT'!J16+'DM SURAT'!J16 -> 0 | K16: ='DM ABAD'!K16+'DM RAJKOT'!K16+'DM SURAT'!K16 -> 0 | L16: ='DM ABAD'!L16+'DM RAJKOT'!L16+'DM SURAT'!L16 -> 0 | ... AB16: ='DM ABAD'!AB16+'DM RAJKOT'!AB16+'DM SURAT'!AB16 -> 0
C17: Total | E17: =SUMPRODUCT($D3:$D16,E3:E16)/100000 -> 26.393762 | F17: =SUMPRODUCT($D3:$D16,F3:F16)/100000 -> 35.602024 | G17: =SUMPRODUCT($D3:$D16,G3:G16)/100000 -> 5.8869149 | H17: =SUMPRODUCT($D3:$D16,H3:H16)/100000 -> 7.6019522 | I17: =SUMPRODUCT($D3:$D16,I3:I16)/100000 -> 12.57937 | J17: =SUMPRODUCT($D3:$D16,J3:J16)/100000 -> 21.73603 | K17: =SUMPRODUCT($D3:$D16,K3:K16)/100000 -> 0.6481008 | L17: =SUMPRODUCT($D3:$D16,L3:L16)/100000 -> 1.7580471 | ... AB17: =SUMPRODUCT($D3:$D16,AB3:AB16)/100000 -> 0
B19: CODE | C19: PRODUCT | E19: S.S. | F19: C.S. | G19: S.S. | H19: C.S. | I19: S.S. | J19: C.S. | K19: S.S. | L19: C.S. | M19: S.S. | N19: C.S. | O19: S.S. | P19: C.S. | Q19: S.S. | R19: C.S. | S19: S.S. | T19: C.S. | U19: S.S. | V19: C.S. | W19: S.S. | X19: C.S. | Y19: S.S. | Z19: C.S. | AA19: S.S. | AB19: C.S.
C20: MUMMUM GROUP | E20: =SUMPRODUCT($D$4:$D$5:$D$6,E4:E5:E6)/100000 -> 6.4517812 | F20: =SUMPRODUCT($D$4:$D$5:$D$6,F4:F5:F6)/100000 -> 8.4337305 | G20: =SUMPRODUCT($D$2:$D$3:$D$4,G2:G3:G4)/100000 -> 0.2980758 | H20: =SUMPRODUCT($D$2:$D$3:$D$4,H2:H3:H4)/100000 -> 0.4288336 | I20: =SUMPRODUCT($D$2:$D$3:$D$4,I2:I3:I4)/100000 -> 0.3645952 | J20: =SUMPRODUCT($D$2:$D$3:$D$4,J2:J3:J4)/100000 -> 0.9810188 | K20: =SUMPRODUCT($D$2:$D$3:$D$4,K2:K3:K4)/100000 -> 0.001858 | L20: =SUMPRODUCT($D$2:$D$3:$D$4,L2:L3:L4)/100000 -> 0.006503 | M20: =SUMPRODUCT($D$2:$D$3:$D$4,M2:M3:M4)/100000 -> 0 | N20: =SUMPRODUCT($D$2:$D$3:$D$4,N2:N3:N4)/100000 -> 0 | ... AB20: =SUMPRODUCT($D$2:$D$3:$D$4,AB2:AB3:AB4)/100000 -> 0
C21: SIMYL GROUP | E21: =SUMPRODUCT($D$7:$D$8:$D$9:$D$10,E7:E8:E9:E10)/100000 -> 16.266734 | F21: =SUMPRODUCT($D$7:$D$8:$D$9:$D$10,F7:F8:F9:F10)/100000 -> 19.293121 | G21: =SUMPRODUCT($D$5:$D$6:$D$7:$D$8,G5:G6:G7:G8)/100000 -> 2.7669204 | H21: =SUMPRODUCT($D$5:$D$6:$D$7:$D$8,H5:H6:H7:H8)/100000 -> 3.4104691 | I21: =SUMPRODUCT($D$5:$D$6:$D$7:$D$8,I5:I6:I7:I8)/100000 -> 5.4390733 | J21: =SUMPRODUCT($D$5:$D$6:$D$7:$D$8,J5:J6:J7:J8)/100000 -> 9.2266262 | K21: =SUMPRODUCT($D$5:$D$6:$D$7:$D$8,K5:K6:K7:K8)/100000 -> 0.1607044 | L21: =SUMPRODUCT($D$5:$D$6:$D$7:$D$8,L5:L6:L7:L8)/100000 -> 0.6892709 | M21: =SUMPRODUCT($D$5:$D$6:$D$7:$D$8,M5:M6:M7:M8)/100000 -> 0 | N21: =SUMPRODUCT($D$5:$D$6:$D$7:$D$8,N5:N6:N7:N8)/100000 -> 0 | ... AB21: =SUMPRODUCT($D$5:$D$6:$D$7:$D$8,AB5:AB6:AB7:AB8)/100000 -> 0
C22: ZEFRICH GROUP | E22: =SUMPRODUCT($D$11:$D$12:$D$13,E11:E12:E13)/100000 -> 1.5674104 | F22: =SUMPRODUCT($D$11:$D$12:$D$13,F11:F12:F13)/100000 -> 4.7067473 | G22: =SUMPRODUCT($D$9:$D$10:$D$11,G9:G10:G11)/100000 -> 2.4059517 | H22: =SUMPRODUCT($D$9:$D$10:$D$11,H9:H10:H11)/100000 -> 3.0164045 | I22: =SUMPRODUCT($D$9:$D$10:$D$11,I9:I10:I11)/100000 -> 5.2821694 | J22: =SUMPRODUCT($D$9:$D$10:$D$11,J9:J10:J11)/100000 -> 8.1306382 | K22: =SUMPRODUCT($D$9:$D$10:$D$11,K9:K10:K11)/100000 -> 0.3340772 | L22: =SUMPRODUCT($D$9:$D$10:$D$11,L9:L10:L11)/100000 -> 0.8058082 | M22: =SUMPRODUCT($D$9:$D$10:$D$11,M9:M10:M11)/100000 -> 0 | N22: =SUMPRODUCT($D$9:$D$10:$D$11,N9:N10:N11)/100000 -> 0 | ... AB22: =SUMPRODUCT($D$9:$D$10:$D$11,AB9:AB10:AB11)/100000 -> 0
C23: ZIORAL GROUP | E23: =SUMPRODUCT($D$14:$D$15,E14:E15)/100000 -> 2.0093628 | F23: =SUMPRODUCT($D$14:$D$15,F14:F15)/100000 -> 2.8646416 | G23: =SUMPRODUCT($D$12:$D$13,G12:G13)/100000 -> 0.0447568 | H23: =SUMPRODUCT($D$12:$D$13,H12:H13)/100000 -> 0.2117302 | I23: =SUMPRODUCT($D$12:$D$13,I12:I13)/100000 -> 0.3248266 | J23: =SUMPRODUCT($D$12:$D$13,J12:J13)/100000 -> 1.2024132 | K23: =SUMPRODUCT($D$12:$D$13,K12:K13)/100000 -> 0.0022882 | L23: =SUMPRODUCT($D$12:$D$13,L12:L13)/100000 -> 0.0594932 | M23: =SUMPRODUCT($D$12:$D$13,M12:M13)/100000 -> 0 | N23: =SUMPRODUCT($D$12:$D$13,N12:N13)/100000 -> 0 | ... AB23: =SUMPRODUCT($D$12:$D$13,AB12:AB13)/100000 -> 0
C24: Total | E24: =SUM(E20:E23) -> 26.295288 | F24: =SUM(F20:F23) -> 35.298241 | G24: =SUM(G20:G23) -> 5.5157047 | H24: =SUM(H20:H23) -> 7.0674374 | I24: =SUM(I20:I23) -> 11.410664 | J24: =SUM(J20:J23) -> 19.540696 | K24: =SUM(K20:K23) -> 0.4989278 | L24: =SUM(L20:L23) -> 1.5610753 | ... AB24: =SUM(AB20:AB23) -> 0

Sheet DM ABAD
A1: 2026_27 | C1: MADANLAL - DM AHMEDABAD | E1: APR'26 | G1: MAY'26 | I1: JUN'26 | K1: JUL'26 | M1: AUG'26 | O1: SEP'26 | Q1: OCT'26 | S1: NOV'26 | U1: DEC'26 | W1: JAN'26 | Y1: FEB'26 | AA1: MAR'26
B2: S.No | C2: PRODUCT | D2: PTS | E2: S.S. | F2: C.S. | G2: S.S. | H2: C.S. | I2: S.S. | J2: C.S. | K2: S.S. | L2: C.S. | M2: S.S. | N2: C.S. | O2: S.S. | P2: C.S. | Q2: S.S. | R2: C.S. | S2: S.S. | T2: C.S. | U2: S.S. | V2: C.S. | W2: S.S. | X2: C.S. | Y2: S.S. | Z2: C.S. | AA2: S.S. | AB2: C.S.
A3: Total Sales | B3: 1 | C3: CALYUMM P SUP 200 ML | D3: 92.9 | E3: =AHMEDABAD!E3+MEHSANA!E3 -> 9 | F3: =AHMEDABAD!F3+MEHSANA!F3 -> 105 | G3: =AHMEDABAD!G3+MEHSANA!G3 -> 0 | H3: =AHMEDABAD!H3+MEHSANA!H3 -> 0 | I3: =AHMEDABAD!I3+MEHSANA!I3 -> 22 | J3: =AHMEDABAD!J3+MEHSANA!J3 -> 103 | K3: =AHMEDABAD!K3+MEHSANA!K3 -> 2 | L3: =AHMEDABAD!L3+MEHSANA!L3 -> 7 | ... AB3: =AHMEDABAD!AB3+MEHSANA!AB3 -> 0
B4: 2 | C4: MUMMUM-1 200 GM | D4: 154.38 | E4: =AHMEDABAD!E4+MEHSANA!E4 -> 34 | F4: =AHMEDABAD!F4+MEHSANA!F4 -> 123 | G4: =AHMEDABAD!G4+MEHSANA!G4 -> 0 | H4: =AHMEDABAD!H4+MEHSANA!H4 -> 0 | I4: =AHMEDABAD!I4+MEHSANA!I4 -> 36 | J4: =AHMEDABAD!J4+MEHSANA!J4 -> 186 | K4: =AHMEDABAD!K4+MEHSANA!K4 -> 0 | L4: =AHMEDABAD!L4+MEHSANA!L4 -> 0 | ... AB4: =AHMEDABAD!AB4+MEHSANA!AB4 -> 0
B5: 3 | C5: MUMMUM-1 400 GM | D5: 283.73 | E5: =AHMEDABAD!E5+MEHSANA!E5 -> 138 | F5: =AHMEDABAD!F5+MEHSANA!F5 -> 345 | G5: =AHMEDABAD!G5+MEHSANA!G5 -> 0 | H5: =AHMEDABAD!H5+MEHSANA!H5 -> 0 | I5: =AHMEDABAD!I5+MEHSANA!I5 -> 104 | J5: =AHMEDABAD!J5+MEHSANA!J5 -> 344 | K5: =AHMEDABAD!K5+MEHSANA!K5 -> 7 | L5: =AHMEDABAD!L5+MEHSANA!L5 -> 36 | ... AB5: =AHMEDABAD!AB5+MEHSANA!AB5 -> 0
B6: 4 | C6: MUMMUM-2 400 GM | D6: 344.75 | E6: =AHMEDABAD!E6+MEHSANA!E6 -> 95 | F6: =AHMEDABAD!F6+MEHSANA!F6 -> 246 | G6: =AHMEDABAD!G6+MEHSANA!G6 -> 0 | H6: =AHMEDABAD!H6+MEHSANA!H6 -> 0 | I6: =AHMEDABAD!I6+MEHSANA!I6 -> 45 | J6: =AHMEDABAD!J6+MEHSANA!J6 -> 220 | K6: =AHMEDABAD!K6+MEHSANA!K6 -> 17 | L6: =AHMEDABAD!L6+MEHSANA!L6 -> 40 | ... AB6: =AHMEDABAD!AB6+MEHSANA!AB6 -> 0
B7: 5 | C7: SIMYL MCT 200 GM | D7: 208.06 | E7: =AHMEDABAD!E7+MEHSANA!E7 -> 546 | F7: =AHMEDABAD!F7+MEHSANA!F7 -> 602 | G7: =AHMEDABAD!G7+MEHSANA!G7 -> 0 | H7: =AHMEDABAD!H7+MEHSANA!H7 -> 0 | I7: =AHMEDABAD!I7+MEHSANA!I7 -> 525 | J7: =AHMEDABAD!J7+MEHSANA!J7 -> 697 | K7: =AHMEDABAD!K7+MEHSANA!K7 -> 28 | L7: =AHMEDABAD!L7+MEHSANA!L7 -> 141 | ... AB7: =AHMEDABAD!AB7+MEHSANA!AB7 -> 0
B8: 6 | C8: SIMYL MCT 400 GM | D8: 399.65 | E8: =AHMEDABAD!E8+MEHSANA!E8 -> 513 | F8: =AHMEDABAD!F8+MEHSANA!F8 -> 509 | G8: =AHMEDABAD!G8+MEHSANA!G8 -> 0 | H8: =AHMEDABAD!H8+MEHSANA!H8 -> 0 | I8: =AHMEDABAD!I8+MEHSANA!I8 -> 364 | J8: =AHMEDABAD!J8+MEHSANA!J8 -> 514 | K8: =AHMEDABAD!K8+MEHSANA!K8 -> 6 | L8: =AHMEDABAD!L8+MEHSANA!L8 -> 39 | ... AB8: =AHMEDABAD!AB8+MEHSANA!AB8 -> 0
B9: 7 | C9: SIMYL MCT OIL (HDPE) 100 ML | D9: 228.82 | E9: =AHMEDABAD!E9+MEHSANA!E9 -> 1142 | F9: =AHMEDABAD!F9+MEHSANA!F9 -> 1091 | G9: =AHMEDABAD!G9+MEHSANA!G9 -> 0 | H9: =AHMEDABAD!H9+MEHSANA!H9 -> 0 | I9: =AHMEDABAD!I9+MEHSANA!I9 -> 1014 | J9: =AHMEDABAD!J9+MEHSANA!J9 -> 1393 | K9: =AHMEDABAD!K9+MEHSANA!K9 -> 146 | L9: =AHMEDABAD!L9+MEHSANA!L9 -> 280 | ... AB9: =AHMEDABAD!AB9+MEHSANA!AB9 -> 0
B10: 8 | C10: SIMYL-LBW 400 GM | D10: 402.71 | E10: =AHMEDABAD!E10+MEHSANA!E10 -> 62 | F10: =AHMEDABAD!F10+MEHSANA!F10 -> 160 | G10: =AHMEDABAD!G10+MEHSANA!G10 -> 0 | H10: =AHMEDABAD!H10+MEHSANA!H10 -> 0 | I10: =AHMEDABAD!I10+MEHSANA!I10 -> 48 | J10: =AHMEDABAD!J10+MEHSANA!J10 -> 129 | K10: =AHMEDABAD!K10+MEHSANA!K10 -> 0 | L10: =AHMEDABAD!L10+MEHSANA!L10 -> 0 | ... AB10: =AHMEDABAD!AB10+MEHSANA!AB10 -> 0
B11: 9 | C11: ZEFRICH CHOCOLATE 200 GM | D11: 250.17 | E11: =AHMEDABAD!E11+MEHSANA!E11 -> 150 | F11: =AHMEDABAD!F11+MEHSANA!F11 -> 337 | G11: =AHMEDABAD!G11+MEHSANA!G11 -> 0 | H11: =AHMEDABAD!H11+MEHSANA!H11 -> 0 | I11: =AHMEDABAD!I11+MEHSANA!I11 -> 117 | J11: =AHMEDABAD!J11+MEHSANA!J11 -> 393 | K11: =AHMEDABAD!K11+MEHSANA!K11 -> 0 | L11: =AHMEDABAD!L11+MEHSANA!L11 -> 66 | ... AB11: =AHMEDABAD!AB11+MEHSANA!AB11 -> 0
B12: 10 | C12: ZEFRICH MILK MASALA 200 GM | D12: 250.17 | E12: =AHMEDABAD!E12+MEHSANA!E12 -> 76 | F12: =AHMEDABAD!F12+MEHSANA!F12 -> 258 | G12: =AHMEDABAD!G12+MEHSANA!G12 -> 0 | H12: =AHMEDABAD!H12+MEHSANA!H12 -> 0 | I12: =AHMEDABAD!I12+MEHSANA!I12 -> 96 | J12: =AHMEDABAD!J12+MEHSANA!J12 -> 296 | K12: =AHMEDABAD!K12+MEHSANA!K12 -> 0 | L12: =AHMEDABAD!L12+MEHSANA!L12 -> 0 | ... AB12: =AHMEDABAD!AB12+MEHSANA!AB12 -> 0
B13: 11 | C13: ZEFRICH HP M M 200 GM | D13: 228.82 | E13: =AHMEDABAD!E13+MEHSANA!E13 -> 13 | F13: =AHMEDABAD!F13+MEHSANA!F13 -> 77 | G13: =AHMEDABAD!G13+MEHSANA!G13 -> 0 | H13: =AHMEDABAD!H13+MEHSANA!H13 -> 0 | I13: =AHMEDABAD!I13+MEHSANA!I13 -> 26 | J13: =AHMEDABAD!J13+MEHSANA!J13 -> 136 | K13: =AHMEDABAD!K13+MEHSANA!K13 -> 1 | L13: =AHMEDABAD!L13+MEHSANA!L13 -> 26 | ... AB13: =AHMEDABAD!AB13+MEHSANA!AB13 -> 0
B14: 12 | C14: ZIORAL DROPS 15 ML | D14: 56.38 | E14: =AHMEDABAD!E14+MEHSANA!E14 -> 586 | F14: =AHMEDABAD!F14+MEHSANA!F14 -> 764 | G14: =AHMEDABAD!G14+MEHSANA!G14 -> 0 | H14: =AHMEDABAD!H14+MEHSANA!H14 -> 0 | I14: =AHMEDABAD!I14+MEHSANA!I14 -> 722 | J14: =AHMEDABAD!J14+MEHSANA!J14 -> 970 | K14: =AHMEDABAD!K14+MEHSANA!K14 -> 73 | L14: =AHMEDABAD!L14+MEHSANA!L14 -> 164 | ... AB14: =AHMEDABAD!AB14+MEHSANA!AB14 -> 0
B15: 13 | C15: ZIORAL ORAL SYP 100 ML | D15: 70.14 | E15: =AHMEDABAD!E15+MEHSANA!E15 -> 722 | F15: =AHMEDABAD!F15+MEHSANA!F15 -> 805 | G15: =AHMEDABAD!G15+MEHSANA!G15 -> 0 | H15: =AHMEDABAD!H15+MEHSANA!H15 -> 0 | I15: =AHMEDABAD!I15+MEHSANA!I15 -> 568 | J15: =AHMEDABAD!J15+MEHSANA!J15 -> 1072 | K15: =AHMEDABAD!K15+MEHSANA!K15 -> 154 | L15: =AHMEDABAD!L15+MEHSANA!L15 -> 149 | ... AB15: =AHMEDABAD!AB15+MEHSANA!AB15 -> 0
B16: 14 | E16: =AHMEDABAD!E16+MEHSANA!E16 -> 0 | F16: =AHMEDABAD!F16+MEHSANA!F16 -> 0 | G16: =AHMEDABAD!G16+MEHSANA!G16 -> 0 | H16: =AHMEDABAD!H16+MEHSANA!H16 -> 0 | I16: =AHMEDABAD!I16+MEHSANA!I16 -> 0 | J16: =AHMEDABAD!J16+MEHSANA!J16 -> 0 | K16: =AHMEDABAD!K16+MEHSANA!K16 -> 0 | L16: =AHMEDABAD!L16+MEHSANA!L16 -> 0 | ... AB16: =AHMEDABAD!AB16+MEHSANA!AB16 -> 0
C17: Total | E17: =SUMPRODUCT($D3:$D16,E3:E16)/100000 -> 8.2608552 | F17: =SUMPRODUCT($D3:$D16,F3:F16)/100000 -> 11.201961 | G17: =SUMPRODUCT($D3:$D16,G3:G16)/100000 -> 0 | H17: =SUMPRODUCT($D3:$D16,H3:H16)/100000 -> 0 | I17: =SUMPRODUCT($D3:$D16,I3:I16)/100000 -> 6.9846222 | J17: =SUMPRODUCT($D3:$D16,J3:J16)/100000 -> 12.662306 | K17: =SUMPRODUCT($D3:$D16,K3:K16)/100000 -> 0.6481008 | L17: =SUMPRODUCT($D3:$D16,L3:L16)/100000 -> 1.7580471 | ... AB17: =SUMPRODUCT($D3:$D16,AB3:AB16)/100000 -> 0
B19: CODE | C19: PRODUCT | E19: S.S. | F19: C.S. | G19: S.S. | H19: C.S. | I19: S.S. | J19: C.S. | K19: S.S. | L19: C.S. | M19: S.S. | N19: C.S. | O19: S.S. | P19: C.S. | Q19: S.S. | R19: C.S. | S19: S.S. | T19: C.S. | U19: S.S. | V19: C.S. | W19: S.S. | X19: C.S. | Y19: S.S. | Z19: C.S. | AA19: S.S. | AB19: C.S.
C20: MUMMUM GROUP | E20: =SUMPRODUCT($D$4:$D$5:$D$6,E4:E5:E6)/100000 -> 0.7715491 | F20: =SUMPRODUCT($D$4:$D$5:$D$6,F4:F5:F6)/100000 -> 2.0168409 | G20: =SUMPRODUCT($D$2:$D$3:$D$4,G2:G3:G4)/100000 -> 0 | H20: =SUMPRODUCT($D$2:$D$3:$D$4,H2:H3:H4)/100000 -> 0 | I20: =SUMPRODUCT($D$2:$D$3:$D$4,I2:I3:I4)/100000 -> 0.0760148 | J20: =SUMPRODUCT($D$2:$D$3:$D$4,J2:J3:J4)/100000 -> 0.3828338 | K20: =SUMPRODUCT($D$2:$D$3:$D$4,K2:K3:K4)/100000 -> 0.001858 | L20: =SUMPRODUCT($D$2:$D$3:$D$4,L2:L3:L4)/100000 -> 0.006503 | M20: =SUMPRODUCT($D$2:$D$3:$D$4,M2:M3:M4)/100000 -> 0 | N20: =SUMPRODUCT($D$2:$D$3:$D$4,N2:N3:N4)/100000 -> 0 | ... AB20: =SUMPRODUCT($D$2:$D$3:$D$4,AB2:AB3:AB4)/100000 -> 0
C21: SIMYL GROUP | E21: =SUMPRODUCT($D$7:$D$8:$D$9:$D$10,E7:E8:E9:E10)/100000 -> 6.0490167 | F21: =SUMPRODUCT($D$7:$D$8:$D$9:$D$10,F7:F8:F9:F10)/100000 -> 6.4275019 | G21: =SUMPRODUCT($D$5:$D$6:$D$7:$D$8,G5:G6:G7:G8)/100000 -> 0 | H21: =SUMPRODUCT($D$5:$D$6:$D$7:$D$8,H5:H6:H7:H8)/100000 -> 0 | I21: =SUMPRODUCT($D$5:$D$6:$D$7:$D$8,I5:I6:I7:I8)/100000 -> 2.9972577 | J21: =SUMPRODUCT($D$5:$D$6:$D$7:$D$8,J5:J6:J7:J8)/100000 -> 5.2388604 | K21: =SUMPRODUCT($D$5:$D$6:$D$7:$D$8,K5:K6:K7:K8)/100000 -> 0.1607044 | L21: =SUMPRODUCT($D$5:$D$6:$D$7:$D$8,L5:L6:L7:L8)/100000 -> 0.6892709 | M21: =SUMPRODUCT($D$5:$D$6:$D$7:$D$8,M5:M6:M7:M8)/100000 -> 0 | N21: =SUMPRODUCT($D$5:$D$6:$D$7:$D$8,N5:N6:N7:N8)/100000 -> 0 | ... AB21: =SUMPRODUCT($D$5:$D$6:$D$7:$D$8,AB5:AB6:AB7:AB8)/100000 -> 0
C22: ZEFRICH GROUP | E22: =SUMPRODUCT($D$11:$D$12:$D$13,E11:E12:E13)/100000 -> 0.5951308 | F22: =SUMPRODUCT($D$11:$D$12:$D$13,F11:F12:F13)/100000 -> 1.6647029 | G22: =SUMPRODUCT($D$9:$D$10:$D$11,G9:G10:G11)/100000 -> 0 | H22: =SUMPRODUCT($D$9:$D$10:$D$11,H9:H10:H11)/100000 -> 0 | I22: =SUMPRODUCT($D$9:$D$10:$D$11,I9:I10:I11)/100000 -> 2.8062345 | J22: =SUMPRODUCT($D$9:$D$10:$D$11,J9:J10:J11)/100000 -> 4.6901266 | K22: =SUMPRODUCT($D$9:$D$10:$D$11,K9:K10:K11)/100000 -> 0.3340772 | L22: =SUMPRODUCT($D$9:$D$10:$D$11,L9:L10:L11)/100000 -> 0.8058082 | M22: =SUMPRODUCT($D$9:$D$10:$D$11,M9:M10:M11)/100000 -> 0 | N22: =SUMPRODUCT($D$9:$D$10:$D$11,N9:N10:N11)/100000 -> 0 | ... AB22: =SUMPRODUCT($D$9:$D$10:$D$11,AB9:AB10:AB11)/100000 -> 0
C23: ZIORAL GROUP | E23: =SUMPRODUCT($D$14:$D$15,E14:E15)/100000 -> 0.8367976 | F23: =SUMPRODUCT($D$14:$D$15,F14:F15)/100000 -> 0.9953702 | G23: =SUMPRODUCT($D$12:$D$13,G12:G13)/100000 -> 0 | H23: =SUMPRODUCT($D$12:$D$13,H12:H13)/100000 -> 0 | I23: =SUMPRODUCT($D$12:$D$13,I12:I13)/100000 -> 0.2996564 | J23: =SUMPRODUCT($D$12:$D$13,J12:J13)/100000 -> 1.0516984 | K23: =SUMPRODUCT($D$12:$D$13,K12:K13)/100000 -> 0.0022882 | L23: =SUMPRODUCT($D$12:$D$13,L12:L13)/100000 -> 0.0594932 | M23: =SUMPRODUCT($D$12:$D$13,M12:M13)/100000 -> 0 | N23: =SUMPRODUCT($D$12:$D$13,N12:N13)/100000 -> 0 | ... AB23: =SUMPRODUCT($D$12:$D$13,AB12:AB13)/100000 -> 0
C24: Total | E24: =SUM(E20:E23) -> 8.2524942 | F24: =SUM(F20:F23) -> 11.104416 | G24: =SUM(G20:G23) -> 0 | H24: =SUM(H20:H23) -> 0 | I24: =SUM(I20:I23) -> 6.1791634 | J24: =SUM(J20:J23) -> 11.363519 | K24: =SUM(K20:K23) -> 0.4989278 | L24: =SUM(L20:L23) -> 1.5610753 | ... AB24: =SUM(AB20:AB23) -> 0

Sheet DM RAJKOT
A1: 2026_27 | C1: VACANT - DM RAJKOT | E1: APR'26 | G1: MAY'26 | I1: JUN'26 | K1: JUL'26 | M1: AUG'26 | O1: SEP'26 | Q1: OCT'26 | S1: NOV'26 | U1: DEC'26 | W1: JAN'26 | Y1: FEB'26 | AA1: MAR'26
B2: S.No | C2: PRODUCT | D2: PTS | E2: S.S. | F2: C.S. | G2: S.S. | H2: C.S. | I2: S.S. | J2: C.S. | K2: S.S. | L2: C.S. | M2: S.S. | N2: C.S. | O2: S.S. | P2: C.S. | Q2: S.S. | R2: C.S. | S2: S.S. | T2: C.S. | U2: S.S. | V2: C.S. | W2: S.S. | X2: C.S. | Y2: S.S. | Z2: C.S. | AA2: S.S. | AB2: C.S.
A3: Total Sales | B3: 1 | C3: CALYUMM P SUP 200 ML | D3: 92.9 | E3: =RAJKOT!E3+BHAVNAGAR!E3+JUNAGADH!E3+BHUJ!E3 -> 34 | F3: =RAJKOT!F3+BHAVNAGAR!F3+JUNAGADH!F3+BHUJ!F3 -> 124 | G3: =RAJKOT!G3+BHAVNAGAR!G3+JUNAGADH!G3+BHUJ!G3 -> 0 | H3: =RAJKOT!H3+BHAVNAGAR!H3+JUNAGADH!H3+BHUJ!H3 -> 0 | I3: =RAJKOT!I3+BHAVNAGAR!I3+JUNAGADH!I3+BHUJ!I3 -> 0 | J3: =RAJKOT!J3+BHAVNAGAR!J3+JUNAGADH!J3+BHUJ!J3 -> 0 | K3: =RAJKOT!K3+BHAVNAGAR!K3+JUNAGADH!K3+BHUJ!K3 -> 0 | L3: =RAJKOT!L3+BHAVNAGAR!L3+JUNAGADH!L3+BHUJ!L3 -> 0 | ... AB3: =RAJKOT!AB3+BHAVNAGAR!AB3+JUNAGADH!AB3+BHUJ!AB3 -> 0
B4: 2 | C4: MUMMUM-1 200 GM | D4: 154.38 | E4: =RAJKOT!E4+BHAVNAGAR!E4+JUNAGADH!E4+BHUJ!E4 -> 309 | F4: =RAJKOT!F4+BHAVNAGAR!F4+JUNAGADH!F4+BHUJ!F4 -> 401 | G4: =RAJKOT!G4+BHAVNAGAR!G4+JUNAGADH!G4+BHUJ!G4 -> 0 | H4: =RAJKOT!H4+BHAVNAGAR!H4+JUNAGADH!H4+BHUJ!H4 -> 0 | I4: =RAJKOT!I4+BHAVNAGAR!I4+JUNAGADH!I4+BHUJ!I4 -> 0 | J4: =RAJKOT!J4+BHAVNAGAR!J4+JUNAGADH!J4+BHUJ!J4 -> 0 | K4: =RAJKOT!K4+BHAVNAGAR!K4+JUNAGADH!K4+BHUJ!K4 -> 0 | L4: =RAJKOT!L4+BHAVNAGAR!L4+JUNAGADH!L4+BHUJ!L4 -> 0 | ... AB4: =RAJKOT!AB4+BHAVNAGAR!AB4+JUNAGADH!AB4+BHUJ!AB4 -> 0
B5: 3 | C5: MUMMUM-1 400 GM | D5: 283.73 | E5: =RAJKOT!E5+BHAVNAGAR!E5+JUNAGADH!E5+BHUJ!E5 -> 440 | F5: =RAJKOT!F5+BHAVNAGAR!F5+JUNAGADH!F5+BHUJ!F5 -> 372 | G5: =RAJKOT!G5+BHAVNAGAR!G5+JUNAGADH!G5+BHUJ!G5 -> 0 | H5: =RAJKOT!H5+BHAVNAGAR!H5+JUNAGADH!H5+BHUJ!H5 -> 0 | I5: =RAJKOT!I5+BHAVNAGAR!I5+JUNAGADH!I5+BHUJ!I5 -> 0 | J5: =RAJKOT!J5+BHAVNAGAR!J5+JUNAGADH!J5+BHUJ!J5 -> 0 | K5: =RAJKOT!K5+BHAVNAGAR!K5+JUNAGADH!K5+BHUJ!K5 -> 0 | L5: =RAJKOT!L5+BHAVNAGAR!L5+JUNAGADH!L5+BHUJ!L5 -> 0 | ... AB5: =RAJKOT!AB5+BHAVNAGAR!AB5+JUNAGADH!AB5+BHUJ!AB5 -> 0
B6: 4 | C6: MUMMUM-2 400 GM | D6: 344.75 | E6: =RAJKOT!E6+BHAVNAGAR!E6+JUNAGADH!E6+BHUJ!E6 -> 299 | F6: =RAJKOT!F6+BHAVNAGAR!F6+JUNAGADH!F6+BHUJ!F6 -> 320 | G6: =RAJKOT!G6+BHAVNAGAR!G6+JUNAGADH!G6+BHUJ!G6 -> 0 | H6: =RAJKOT!H6+BHAVNAGAR!H6+JUNAGADH!H6+BHUJ!H6 -> 0 | I6: =RAJKOT!I6+BHAVNAGAR!I6+JUNAGADH!I6+BHUJ!I6 -> 0 | J6: =RAJKOT!J6+BHAVNAGAR!J6+JUNAGADH!J6+BHUJ!J6 -> 0 | K6: =RAJKOT!K6+BHAVNAGAR!K6+JUNAGADH!K6+BHUJ!K6 -> 0 | L6: =RAJKOT!L6+BHAVNAGAR!L6+JUNAGADH!L6+BHUJ!L6 -> 0 | ... AB6: =RAJKOT!AB6+BHAVNAGAR!AB6+JUNAGADH!AB6+BHUJ!AB6 -> 0
B7: 5 | C7: SIMYL MCT 200 GM | D7: 208.06 | E7: =RAJKOT!E7+BHAVNAGAR!E7+JUNAGADH!E7+BHUJ!E7 -> 84 | F7: =RAJKOT!F7+BHAVNAGAR!F7+JUNAGADH!F7+BHUJ!F7 -> 211 | G7: =RAJKOT!G7+BHAVNAGAR!G7+JUNAGADH!G7+BHUJ!G7 -> 0 | H7: =RAJKOT!H7+BHAVNAGAR!H7+JUNAGADH!H7+BHUJ!H7 -> 0 | I7: =RAJKOT!I7+BHAVNAGAR!I7+JUNAGADH!I7+BHUJ!I7 -> 0 | J7: =RAJKOT!J7+BHAVNAGAR!J7+JUNAGADH!J7+BHUJ!J7 -> 0 | K7: =RAJKOT!K7+BHAVNAGAR!K7+JUNAGADH!K7+BHUJ!K7 -> 0 | L7: =RAJKOT!L7+BHAVNAGAR!L7+JUNAGADH!L7+BHUJ!L7 -> 0 | ... AB7: =RAJKOT!AB7+BHAVNAGAR!AB7+JUNAGADH!AB7+BHUJ!AB7 -> 0
B8: 6 | C8: SIMYL MCT 400 GM | D8: 399.65 | E8: =RAJKOT!E8+BHAVNAGAR!E8+JUNAGADH!E8+BHUJ!E8 -> 54 | F8: =RAJKOT!F8+BHAVNAGAR!F8+JUNAGADH!F8+BHUJ!F8 -> 143 | G8: =RAJKOT!G8+BHAVNAGAR!G8+JUNAGADH!G8+BHUJ!G8 -> 0 | H8: =RAJKOT!H8+BHAVNAGAR!H8+JUNAGADH!H8+BHUJ!H8 -> 0 | I8: =RAJKOT!I8+BHAVNAGAR!I8+JUNAGADH!I8+BHUJ!I8 -> 0 | J8: =RAJKOT!J8+BHAVNAGAR!J8+JUNAGADH!J8+BHUJ!J8 -> 0 | K8: =RAJKOT!K8+BHAVNAGAR!K8+JUNAGADH!K8+BHUJ!K8 -> 0 | L8: =RAJKOT!L8+BHAVNAGAR!L8+JUNAGADH!L8+BHUJ!L8 -> 0 | ... AB8: =RAJKOT!AB8+BHAVNAGAR!AB8+JUNAGADH!AB8+BHUJ!AB8 -> 0
B9: 7 | C9: SIMYL MCT OIL (HDPE) 100 ML | D9: 228.82 | E9: =RAJKOT!E9+BHAVNAGAR!E9+JUNAGADH!E9+BHUJ!E9 -> 1271 | F9: =RAJKOT!F9+BHAVNAGAR!F9+JUNAGADH!F9+BHUJ!F9 -> 978 | G9: =RAJKOT!G9+BHAVNAGAR!G9+JUNAGADH!G9+BHUJ!G9 -> 0 | H9: =RAJKOT!H9+BHAVNAGAR!H9+JUNAGADH!H9+BHUJ!H9 -> 0 | I9: =RAJKOT!I9+BHAVNAGAR!I9+JUNAGADH!I9+BHUJ!I9 -> 0 | J9: =RAJKOT!J9+BHAVNAGAR!J9+JUNAGADH!J9+BHUJ!J9 -> 0 | K9: =RAJKOT!K9+BHAVNAGAR!K9+JUNAGADH!K9+BHUJ!K9 -> 0 | L9: =RAJKOT!L9+BHAVNAGAR!L9+JUNAGADH!L9+BHUJ!L9 -> 0 | ... AB9: =RAJKOT!AB9+BHAVNAGAR!AB9+JUNAGADH!AB9+BHUJ!AB9 -> 0
B10: 8 | C10: SIMYL-LBW 400 GM | D10: 402.71 | E10: =RAJKOT!E10+BHAVNAGAR!E10+JUNAGADH!E10+BHUJ!E10 -> 69 | F10: =RAJKOT!F10+BHAVNAGAR!F10+JUNAGADH!F10+BHUJ!F10 -> 142 | G10: =RAJKOT!G10+BHAVNAGAR!G10+JUNAGADH!G10+BHUJ!G10 -> 0 | H10: =RAJKOT!H10+BHAVNAGAR!H10+JUNAGADH!H10+BHUJ!H10 -> 0 | I10: =RAJKOT!I10+BHAVNAGAR!I10+JUNAGADH!I10+BHUJ!I10 -> 0 | J10: =RAJKOT!J10+BHAVNAGAR!J10+JUNAGADH!J10+BHUJ!J10 -> 0 | K10: =RAJKOT!K10+BHAVNAGAR!K10+JUNAGADH!K10+BHUJ!K10 -> 0 | L10: =RAJKOT!L10+BHAVNAGAR!L10+JUNAGADH!L10+BHUJ!L10 -> 0 | ... AB10: =RAJKOT!AB10+BHAVNAGAR!AB10+JUNAGADH!AB10+BHUJ!AB10 -> 0
B11: 9 | C11: ZEFRICH CHOCOLATE 200 GM | D11: 250.17 | E11: =RAJKOT!E11+BHAVNAGAR!E11+JUNAGADH!E11+BHUJ!E11 -> 52 | F11: =RAJKOT!F11+BHAVNAGAR!F11+JUNAGADH!F11+BHUJ!F11 -> 203 | G11: =RAJKOT!G11+BHAVNAGAR!G11+JUNAGADH!G11+BHUJ!G11 -> 0 | H11: =RAJKOT!H11+BHAVNAGAR!H11+JUNAGADH!H11+BHUJ!H11 -> 0 | I11: =RAJKOT!I11+BHAVNAGAR!I11+JUNAGADH!I11+BHUJ!I11 -> 0 | J11: =RAJKOT!J11+BHAVNAGAR!J11+JUNAGADH!J11+BHUJ!J11 -> 0 | K11: =RAJKOT!K11+BHAVNAGAR!K11+JUNAGADH!K11+BHUJ!K11 -> 0 | L11: =RAJKOT!L11+BHAVNAGAR!L11+JUNAGADH!L11+BHUJ!L11 -> 0 | ... AB11: =RAJKOT!AB11+BHAVNAGAR!AB11+JUNAGADH!AB11+BHUJ!AB11 -> 0
B12: 10 | C12: ZEFRICH MILK MASALA 200 GM | D12: 250.17 | E12: =RAJKOT!E12+BHAVNAGAR!E12+JUNAGADH!E12+BHUJ!E12 -> 73 | F12: =RAJKOT!F12+BHAVNAGAR!F12+JUNAGADH!F12+BHUJ!F12 -> 233 | G12: =RAJKOT!G12+BHAVNAGAR!G12+JUNAGADH!G12+BHUJ!G12 -> 0 | H12: =RAJKOT!H12+BHAVNAGAR!H12+JUNAGADH!H12+BHUJ!H12 -> 0 | I12: =RAJKOT!I12+BHAVNAGAR!I12+JUNAGADH!I12+BHUJ!I12 -> 0 | J12: =RAJKOT!J12+BHAVNAGAR!J12+JUNAGADH!J12+BHUJ!J12 -> 0 | K12: =RAJKOT!K12+BHAVNAGAR!K12+JUNAGADH!K12+BHUJ!K12 -> 0 | L12: =RAJKOT!L12+BHAVNAGAR!L12+JUNAGADH!L12+BHUJ!L12 -> 0 | ... AB12: =RAJKOT!AB12+BHAVNAGAR!AB12+JUNAGADH!AB12+BHUJ!AB12 -> 0
B13: 11 | C13: ZEFRICH HP M M 200 GM | D13: 228.82 | E13: =RAJKOT!E13+BHAVNAGAR!E13+JUNAGADH!E13+BHUJ!E13 -> 33 | F13: =RAJKOT!F13+BHAVNAGAR!F13+JUNAGADH!F13+BHUJ!F13 -> 94 | G13: =RAJKOT!G13+BHAVNAGAR!G13+JUNAGADH!G13+BHUJ!G13 -> 0 | H13: =RAJKOT!H13+BHAVNAGAR!H13+JUNAGADH!H13+BHUJ!H13 -> 0 | I13: =RAJKOT!I13+BHAVNAGAR!I13+JUNAGADH!I13+BHUJ!I13 -> 0 | J13: =RAJKOT!J13+BHAVNAGAR!J13+JUNAGADH!J13+BHUJ!J13 -> 0 | K13: =RAJKOT!K13+BHAVNAGAR!K13+JUNAGADH!K13+BHUJ!K13 -> 0 | L13: =RAJKOT!L13+BHAVNAGAR!L13+JUNAGADH!L13+BHUJ!L13 -> 0 | ... AB13: =RAJKOT!AB13+BHAVNAGAR!AB13+JUNAGADH!AB13+BHUJ!AB13 -> 0
B14: 12 | C14: ZIORAL DROPS 15 ML | D14: 56.38 | E14: =RAJKOT!E14+BHAVNAGAR!E14+JUNAGADH!E14+BHUJ!E14 -> 317 | F14: =RAJKOT!F14+BHAVNAGAR!F14+JUNAGADH!F14+BHUJ!F14 -> 556 | G14: =RAJKOT!G14+BHAVNAGAR!G14+JUNAGADH!G14+BHUJ!G14 -> 0 | H14: =RAJKOT!H14+BHAVNAGAR!H14+JUNAGADH!H14+BHUJ!H14 -> 0 | I14: =RAJKOT!I14+BHAVNAGAR!I14+JUNAGADH!I14+BHUJ!I14 -> 0 | J14: =RAJKOT!J14+BHAVNAGAR!J14+JUNAGADH!J14+BHUJ!J14 -> 0 | K14: =RAJKOT!K14+BHAVNAGAR!K14+JUNAGADH!K14+BHUJ!K14 -> 0 | L14: =RAJKOT!L14+BHAVNAGAR!L14+JUNAGADH!L14+BHUJ!L14 -> 0 | ... AB14: =RAJKOT!AB14+BHAVNAGAR!AB14+JUNAGADH!AB14+BHUJ!AB14 -> 0
B15: 13 | C15: ZIORAL ORAL SYP 100 ML | D15: 70.14 | E15: =RAJKOT!E15+BHAVNAGAR!E15+JUNAGADH!E15+BHUJ!E15 -> 145 | F15: =RAJKOT!F15+BHAVNAGAR!F15+JUNAGADH!F15+BHUJ!F15 -> 490 | G15: =RAJKOT!G15+BHAVNAGAR!G15+JUNAGADH!G15+BHUJ!G15 -> 0 | H15: =RAJKOT!H15+BHAVNAGAR!H15+JUNAGADH!H15+BHUJ!H15 -> 0 | I15: =RAJKOT!I15+BHAVNAGAR!I15+JUNAGADH!I15+BHUJ!I15 -> 0 | J15: =RAJKOT!J15+BHAVNAGAR!J15+JUNAGADH!J15+BHUJ!J15 -> 0 | K15: =RAJKOT!K15+BHAVNAGAR!K15+JUNAGADH!K15+BHUJ!K15 -> 0 | L15: =RAJKOT!L15+BHAVNAGAR!L15+JUNAGADH!L15+BHUJ!L15 -> 0 | ... AB15: =RAJKOT!AB15+BHAVNAGAR!AB15+JUNAGADH!AB15+BHUJ!AB15 -> 0
B16: 14 | E16: =RAJKOT!E16+BHAVNAGAR!E16+JUNAGADH!E16+BHUJ!E16 -> 0 | F16: =RAJKOT!F16+BHAVNAGAR!F16+JUNAGADH!F16+BHUJ!F16 -> 0 | G16: =RAJKOT!G16+BHAVNAGAR!G16+JUNAGADH!G16+BHUJ!G16 -> 0 | H16: =RAJKOT!H16+BHAVNAGAR!H16+JUNAGADH!H16+BHUJ!H16 -> 0 | I16: =RAJKOT!I16+BHAVNAGAR!I16+JUNAGADH!I16+BHUJ!I16 -> 0 | J16: =RAJKOT!J16+BHAVNAGAR!J16+JUNAGADH!J16+BHUJ!J16 -> 0 | K16: =RAJKOT!K16+BHAVNAGAR!K16+JUNAGADH!K16+BHUJ!K16 -> 0 | L16: =RAJKOT!L16+BHAVNAGAR!L16+JUNAGADH!L16+BHUJ!L16 -> 0 | ... AB16: =RAJKOT!AB16+BHAVNAGAR!AB16+JUNAGADH!AB16+BHUJ!AB16 -> 0
C17: Total | E17: =SUMPRODUCT($D3:$D16,E3:E16)/100000 -> 7.0332389 | F17: =SUMPRODUCT($D3:$D16,F3:F16)/100000 -> 8.6761401 | G17: =SUMPRODUCT($D3:$D16,G3:G16)/100000 -> 0 | H17: =SUMPRODUCT($D3:$D16,H3:H16)/100000 -> 0 | I17: =SUMPRODUCT($D3:$D16,I3:I16)/100000 -> 0 | J17: =SUMPRODUCT($D3:$D16,J3:J16)/100000 -> 0 | K17: =SUMPRODUCT($D3:$D16,K3:K16)/100000 -> 0 | L17: =SUMPRODUCT($D3:$D16,L3:L16)/100000 -> 0 | ... AB17: =SUMPRODUCT($D3:$D16,AB3:AB16)/100000 -> 0
B19: CODE | C19: PRODUCT | E19: S.S. | F19: C.S. | G19: S.S. | H19: C.S. | I19: S.S. | J19: C.S. | K19: S.S. | L19: C.S. | M19: S.S. | N19: C.S. | O19: S.S. | P19: C.S. | Q19: S.S. | R19: C.S. | S19: S.S. | T19: C.S. | U19: S.S. | V19: C.S. | W19: S.S. | X19: C.S. | Y19: S.S. | Z19: C.S. | AA19: S.S. | AB19: C.S.
C20: MUMMUM GROUP | E20: =SUMPRODUCT($D$4:$D$5:$D$6,E4:E5:E6)/100000 -> 2.7562487 | F20: =SUMPRODUCT($D$4:$D$5:$D$6,F4:F5:F6)/100000 -> 2.7777394 | G20: =SUMPRODUCT($D$2:$D$3:$D$4,G2:G3:G4)/100000 -> 0 | H20: =SUMPRODUCT($D$2:$D$3:$D$4,H2:H3:H4)/100000 -> 0 | I20: =SUMPRODUCT($D$2:$D$3:$D$4,I2:I3:I4)/100000 -> 0 | J20: =SUMPRODUCT($D$2:$D$3:$D$4,J2:J3:J4)/100000 -> 0 | K20: =SUMPRODUCT($D$2:$D$3:$D$4,K2:K3:K4)/100000 -> 0 | L20: =SUMPRODUCT($D$2:$D$3:$D$4,L2:L3:L4)/100000 -> 0 | M20: =SUMPRODUCT($D$2:$D$3:$D$4,M2:M3:M4)/100000 -> 0 | N20: =SUMPRODUCT($D$2:$D$3:$D$4,N2:N3:N4)/100000 -> 0 | ... AB20: =SUMPRODUCT($D$2:$D$3:$D$4,AB2:AB3:AB4)/100000 -> 0
C21: SIMYL GROUP | E21: =SUMPRODUCT($D$7:$D$8:$D$9:$D$10,E7:E8:E9:E10)/100000 -> 3.5767535 | F21: =SUMPRODUCT($D$7:$D$8:$D$9:$D$10,F7:F8:F9:F10)/100000 -> 3.8202139 | G21: =SUMPRODUCT($D$5:$D$6:$D$7:$D$8,G5:G6:G7:G8)/100000 -> 0 | H21: =SUMPRODUCT($D$5:$D$6:$D$7:$D$8,H5:H6:H7:H8)/100000 -> 0 | I21: =SUMPRODUCT($D$5:$D$6:$D$7:$D$8,I5:I6:I7:I8)/100000 -> 0 | J21: =SUMPRODUCT($D$5:$D$6:$D$7:$D$8,J5:J6:J7:J8)/100000 -> 0 | K21: =SUMPRODUCT($D$5:$D$6:$D$7:$D$8,K5:K6:K7:K8)/100000 -> 0 | L21: =SUMPRODUCT($D$5:$D$6:$D$7:$D$8,L5:L6:L7:L8)/100000 -> 0 | M21: =SUMPRODUCT($D$5:$D$6:$D$7:$D$8,M5:M6:M7:M8)/100000 -> 0 | N21: =SUMPRODUCT($D$5:$D$6:$D$7:$D$8,N5:N6:N7:N8)/100000 -> 0 | ... AB21: =SUMPRODUCT($D$5:$D$6:$D$7:$D$8,AB5:AB6:AB7:AB8)/100000 -> 0
C22: ZEFRICH GROUP | E22: =SUMPRODUCT($D$11:$D$12:$D$13,E11:E12:E13)/100000 -> 0.3882231 | F22: =SUMPRODUCT($D$11:$D$12:$D$13,F11:F12:F13)/100000 -> 1.305832 | G22: =SUMPRODUCT($D$9:$D$10:$D$11,G9:G10:G11)/100000 -> 0 | H22: =SUMPRODUCT($D$9:$D$10:$D$11,H9:H10:H11)/100000 -> 0 | I22: =SUMPRODUCT($D$9:$D$10:$D$11,I9:I10:I11)/100000 -> 0 | J22: =SUMPRODUCT($D$9:$D$10:$D$11,J9:J10:J11)/100000 -> 0 | K22: =SUMPRODUCT($D$9:$D$10:$D$11,K9:K10:K11)/100000 -> 0 | L22: =SUMPRODUCT($D$9:$D$10:$D$11,L9:L10:L11)/100000 -> 0 | M22: =SUMPRODUCT($D$9:$D$10:$D$11,M9:M10:M11)/100000 -> 0 | N22: =SUMPRODUCT($D$9:$D$10:$D$11,N9:N10:N11)/100000 -> 0 | ... AB22: =SUMPRODUCT($D$9:$D$10:$D$11,AB9:AB10:AB11)/100000 -> 0
C23: ZIORAL GROUP | E23: =SUMPRODUCT($D$14:$D$15,E14:E15)/100000 -> 0.2804276 | F23: =SUMPRODUCT($D$14:$D$15,F14:F15)/100000 -> 0.6571588 | G23: =SUMPRODUCT($D$12:$D$13,G12:G13)/100000 -> 0 | H23: =SUMPRODUCT($D$12:$D$13,H12:H13)/100000 -> 0 | I23: =SUMPRODUCT($D$12:$D$13,I12:I13)/100000 -> 0 | J23: =SUMPRODUCT($D$12:$D$13,J12:J13)/100000 -> 0 | K23: =SUMPRODUCT($D$12:$D$13,K12:K13)/100000 -> 0 | L23: =SUMPRODUCT($D$12:$D$13,L12:L13)/100000 -> 0 | M23: =SUMPRODUCT($D$12:$D$13,M12:M13)/100000 -> 0 | N23: =SUMPRODUCT($D$12:$D$13,N12:N13)/100000 -> 0 | ... AB23: =SUMPRODUCT($D$12:$D$13,AB12:AB13)/100000 -> 0
C24: Total | E24: =SUM(E20:E23) -> 7.0016529 | F24: =SUM(F20:F23) -> 8.5609441 | G24: =SUM(G20:G23) -> 0 | H24: =SUM(H20:H23) -> 0 | I24: =SUM(I20:I23) -> 0 | J24: =SUM(J20:J23) -> 0 | K24: =SUM(K20:K23) -> 0 | L24: =SUM(L20:L23) -> 0 | ... AB24: =SUM(AB20:AB23) -> 0

Sheet DM SURAT
A1: 2026_27 | C1: SUSHANT - DM SURAT | E1: APR'26 | G1: MAY'26 | I1: JUN'26 | K1: JUL'26 | M1: AUG'26 | O1: SEP'26 | Q1: OCT'26 | S1: NOV'26 | U1: DEC'26 | W1: JAN'26 | Y1: FEB'26 | AA1: MAR'26
B2: S.No | C2: PRODUCT | D2: PTS | E2: S.S. | F2: C.S. | G2: S.S. | H2: C.S. | I2: S.S. | J2: C.S. | K2: S.S. | L2: C.S. | M2: S.S. | N2: C.S. | O2: S.S. | P2: C.S. | Q2: S.S. | R2: C.S. | S2: S.S. | T2: C.S. | U2: S.S. | V2: C.S. | W2: S.S. | X2: C.S. | Y2: S.S. | Z2: C.S. | AA2: S.S. | AB2: C.S.
A3: Total Sales | B3: 1 | C3: CALYUMM P SUP 200 ML | D3: 92.9 | E3: =SURAT!E3+BARODA!E3 -> 63 | F3: =SURAT!F3+BARODA!F3 -> 98 | G3: =SURAT!G3+BARODA!G3 -> 45 | H3: =SURAT!H3+BARODA!H3 -> 101 | I3: =SURAT!I3+BARODA!I3 -> 73 | J3: =SURAT!J3+BARODA!J3 -> 270 | K3: =SURAT!K3+BARODA!K3 -> 0 | L3: =SURAT!L3+BARODA!L3 -> 0 | ... AB3: =SURAT!AB3+BARODA!AB3 -> 0
B4: 2 | C4: MUMMUM-1 200 GM | D4: 154.38 | E4: =SURAT!E4+BARODA!E4 -> 274 | F4: =SURAT!F4+BARODA!F4 -> 366 | G4: =SURAT!G4+BARODA!G4 -> 166 | H4: =SURAT!H4+BARODA!H4 -> 217 | I4: =SURAT!I4+BARODA!I4 -> 143 | J4: =SURAT!J4+BARODA!J4 -> 225 | K4: =SURAT!K4+BARODA!K4 -> 0 | L4: =SURAT!L4+BARODA!L4 -> 0 | ... AB4: =SURAT!AB4+BARODA!AB4 -> 0
B5: 3 | C5: MUMMUM-1 400 GM | D5: 283.73 | E5: =SURAT!E5+BARODA!E5 -> 489 | F5: =SURAT!F5+BARODA!F5 -> 578 | G5: =SURAT!G5+BARODA!G5 -> 344 | H5: =SURAT!H5+BARODA!H5 -> 265 | I5: =SURAT!I5+BARODA!I5 -> 275 | J5: =SURAT!J5+BARODA!J5 -> 321 | K5: =SURAT!K5+BARODA!K5 -> 0 | L5: =SURAT!L5+BARODA!L5 -> 0 | ... AB5: =SURAT!AB5+BARODA!AB5 -> 0
B6: 4 | C6: MUMMUM-2 400 GM | D6: 344.75 | E6: =SURAT!E6+BARODA!E6 -> 323 | F6: =SURAT!F6+BARODA!F6 -> 416 | G6: =SURAT!G6+BARODA!G6 -> 165 | H6: =SURAT!H6+BARODA!H6 -> 200 | I6: =SURAT!I6+BARODA!I6 -> 136 | J6: =SURAT!J6+BARODA!J6 -> 228 | K6: =SURAT!K6+BARODA!K6 -> 0 | L6: =SURAT!L6+BARODA!L6 -> 0 | ... AB6: =SURAT!AB6+BARODA!AB6 -> 0
B7: 5 | C7: SIMYL MCT 200 GM | D7: 208.06 | E7: =SURAT!E7+BARODA!E7 -> 309 | F7: =SURAT!F7+BARODA!F7 -> 597 | G7: =SURAT!G7+BARODA!G7 -> 232 | H7: =SURAT!H7+BARODA!H7 -> 301 | I7: =SURAT!I7+BARODA!I7 -> 191 | J7: =SURAT!J7+BARODA!J7 -> 400 | K7: =SURAT!K7+BARODA!K7 -> 0 | L7: =SURAT!L7+BARODA!L7 -> 0 | ... AB7: =SURAT!AB7+BARODA!AB7 -> 0
B8: 6 | C8: SIMYL MCT 400 GM | D8: 399.65 | E8: =SURAT!E8+BARODA!E8 -> 320 | F8: =SURAT!F8+BARODA!F8 -> 569 | G8: =SURAT!G8+BARODA!G8 -> 185 | H8: =SURAT!H8+BARODA!H8 -> 336 | I8: =SURAT!I8+BARODA!I8 -> 199 | J8: =SURAT!J8+BARODA!J8 -> 365 | K8: =SURAT!K8+BARODA!K8 -> 0 | L8: =SURAT!L8+BARODA!L8 -> 0 | ... AB8: =SURAT!AB8+BARODA!AB8 -> 0
B9: 7 | C9: SIMYL MCT OIL (HDPE) 100 ML | D9: 228.82 | E9: =SURAT!E9+BARODA!E9 -> 1992 | F9: =SURAT!F9+BARODA!F9 -> 2163 | G9: =SURAT!G9+BARODA!G9 -> 840 | H9: =SURAT!H9+BARODA!H9 -> 973 | I9: =SURAT!I9+BARODA!I9 -> 800 | J9: =SURAT!J9+BARODA!J9 -> 1108 | K9: =SURAT!K9+BARODA!K9 -> 0 | L9: =SURAT!L9+BARODA!L9 -> 0 | ... AB9: =SURAT!AB9+BARODA!AB9 -> 0
B10: 8 | C10: SIMYL-LBW 400 GM | D10: 402.71 | E10: =SURAT!E10+BARODA!E10 -> 40 | F10: =SURAT!F10+BARODA!F10 -> 144 | G10: =SURAT!G10+BARODA!G10 -> 63 | H10: =SURAT!H10+BARODA!H10 -> 80 | I10: =SURAT!I10+BARODA!I10 -> 100 | J10: =SURAT!J10+BARODA!J10 -> 85 | K10: =SURAT!K10+BARODA!K10 -> 0 | L10: =SURAT!L10+BARODA!L10 -> 0 | ... AB10: =SURAT!AB10+BARODA!AB10 -> 0
B11: 9 | C11: ZEFRICH CHOCOLATE 200 GM | D11: 250.17 | E11: =SURAT!E11+BARODA!E11 -> 147 | F11: =SURAT!F11+BARODA!F11 -> 403 | G11: =SURAT!G11+BARODA!G11 -> 92 | H11: =SURAT!H11+BARODA!H11 -> 187 | I11: =SURAT!I11+BARODA!I11 -> 97 | J11: =SURAT!J11+BARODA!J11 -> 225 | K11: =SURAT!K11+BARODA!K11 -> 0 | L11: =SURAT!L11+BARODA!L11 -> 0 | ... AB11: =SURAT!AB11+BARODA!AB11 -> 0
B12: 10 | C12: ZEFRICH MILK MASALA 200 GM | D12: 250.17 | E12: =SURAT!E12+BARODA!E12 -> 70 | F12: =SURAT!F12+BARODA!F12 -> 259 | G12: =SURAT!G12+BARODA!G12 -> 6 | H12: =SURAT!H12+BARODA!H12 -> 70 | I12: =SURAT!I12+BARODA!I12 -> 0 | J12: =SURAT!J12+BARODA!J12 -> 20 | K12: =SURAT!K12+BARODA!K12 -> 0 | L12: =SURAT!L12+BARODA!L12 -> 0 | ... AB12: =SURAT!AB12+BARODA!AB12 -> 0
B13: 11 | C13: ZEFRICH HP M M 200 GM | D13: 228.82 | E13: =SURAT!E13+BARODA!E13 -> 18 | F13: =SURAT!F13+BARODA!F13 -> 35 | G13: =SURAT!G13+BARODA!G13 -> 13 | H13: =SURAT!H13+BARODA!H13 -> 16 | I13: =SURAT!I13+BARODA!I13 -> 11 | J13: =SURAT!J13+BARODA!J13 -> 44 | K13: =SURAT!K13+BARODA!K13 -> 0 | L13: =SURAT!L13+BARODA!L13 -> 0 | ... AB13: =SURAT!AB13+BARODA!AB13 -> 0
B14: 12 | C14: ZIORAL DROPS 15 ML | D14: 56.38 | E14: =SURAT!E14+BARODA!E14 -> 612 | F14: =SURAT!F14+BARODA!F14 -> 820 | G14: =SURAT!G14+BARODA!G14 -> 325 | H14: =SURAT!H14+BARODA!H14 -> 489 | I14: =SURAT!I14+BARODA!I14 -> 337 | J14: =SURAT!J14+BARODA!J14 -> 687 | K14: =SURAT!K14+BARODA!K14 -> 0 | L14: =SURAT!L14+BARODA!L14 -> 0 | ... AB14: =SURAT!AB14+BARODA!AB14 -> 0
B15: 13 | C15: ZIORAL ORAL SYP 100 ML | D15: 70.14 | E15: =SURAT!E15+BARODA!E15 -> 780 | F15: =SURAT!F15+BARODA!F15 -> 1069 | G15: =SURAT!G15+BARODA!G15 -> 268 | H15: =SURAT!H15+BARODA!H15 -> 369 | I15: =SURAT!I15+BARODA!I15 -> 247 | J15: =SURAT!J15+BARODA!J15 -> 726 | K15: =SURAT!K15+BARODA!K15 -> 0 | L15: =SURAT!L15+BARODA!L15 -> 0 | ... AB15: =SURAT!AB15+BARODA!AB15 -> 0
B16: 14 | E16: =SURAT!E16+BARODA!E16 -> 0 | F16: =SURAT!F16+BARODA!F16 -> 0 | G16: =SURAT!G16+BARODA!G16 -> 0 | H16: =SURAT!H16+BARODA!H16 -> 0 | I16: =SURAT!I16+BARODA!I16 -> 0 | J16: =SURAT!J16+BARODA!J16 -> 0 | K16: =SURAT!K16+BARODA!K16 -> 0 | L16: =SURAT!L16+BARODA!L16 -> 0 | ... AB16: =SURAT!AB16+BARODA!AB16 -> 0
C17: Total | E17: =SUMPRODUCT($D3:$D16,E3:E16)/100000 -> 11.099668 | F17: =SUMPRODUCT($D3:$D16,F3:F16)/100000 -> 15.723923 | G17: =SUMPRODUCT($D3:$D16,G3:G16)/100000 -> 5.8869149 | H17: =SUMPRODUCT($D3:$D16,H3:H16)/100000 -> 7.6019522 | I17: =SUMPRODUCT($D3:$D16,I3:I16)/100000 -> 5.5947475 | J17: =SUMPRODUCT($D3:$D16,J3:J16)/100000 -> 9.0737242 | K17: =SUMPRODUCT($D3:$D16,K3:K16)/100000 -> 0 | L17: =SUMPRODUCT($D3:$D16,L3:L16)/100000 -> 0 | ... AB17: =SUMPRODUCT($D3:$D16,AB3:AB16)/100000 -> 0
B19: CODE | C19: PRODUCT | E19: S.S. | F19: C.S. | G19: S.S. | H19: C.S. | I19: S.S. | J19: C.S. | K19: S.S. | L19: C.S. | M19: S.S. | N19: C.S. | O19: S.S. | P19: C.S. | Q19: S.S. | R19: C.S. | S19: S.S. | T19: C.S. | U19: S.S. | V19: C.S. | W19: S.S. | X19: C.S. | Y19: S.S. | Z19: C.S. | AA19: S.S. | AB19: C.S.
C20: MUMMUM GROUP | E20: =SUMPRODUCT($D$4:$D$5:$D$6,E4:E5:E6)/100000 -> 2.9239834 | F20: =SUMPRODUCT($D$4:$D$5:$D$6,F4:F5:F6)/100000 -> 3.6391502 | G20: =SUMPRODUCT($D$2:$D$3:$D$4,G2:G3:G4)/100000 -> 0.2980758 | H20: =SUMPRODUCT($D$2:$D$3:$D$4,H2:H3:H4)/100000 -> 0.4288336 | I20: =SUMPRODUCT($D$2:$D$3:$D$4,I2:I3:I4)/100000 -> 0.2885804 | J20: =SUMPRODUCT($D$2:$D$3:$D$4,J2:J3:J4)/100000 -> 0.598185 | K20: =SUMPRODUCT($D$2:$D$3:$D$4,K2:K3:K4)/100000 -> 0 | L20: =SUMPRODUCT($D$2:$D$3:$D$4,L2:L3:L4)/100000 -> 0 | M20: =SUMPRODUCT($D$2:$D$3:$D$4,M2:M3:M4)/100000 -> 0 | N20: =SUMPRODUCT($D$2:$D$3:$D$4,N2:N3:N4)/100000 -> 0 | ... AB20: =SUMPRODUCT($D$2:$D$3:$D$4,AB2:AB3:AB4)/100000 -> 0
C21: SIMYL GROUP | E21: =SUMPRODUCT($D$7:$D$8:$D$9:$D$10,E7:E8:E9:E10)/100000 -> 6.6409638 | F21: =SUMPRODUCT($D$7:$D$8:$D$9:$D$10,F7:F8:F9:F10)/100000 -> 9.0454057 | G21: =SUMPRODUCT($D$5:$D$6:$D$7:$D$8,G5:G6:G7:G8)/100000 -> 2.7669204 | H21: =SUMPRODUCT($D$5:$D$6:$D$7:$D$8,H5:H6:H7:H8)/100000 -> 3.4104691 | I21: =SUMPRODUCT($D$5:$D$6:$D$7:$D$8,I5:I6:I7:I8)/100000 -> 2.4418156 | J21: =SUMPRODUCT($D$5:$D$6:$D$7:$D$8,J5:J6:J7:J8)/100000 -> 3.9877658 | K21: =SUMPRODUCT($D$5:$D$6:$D$7:$D$8,K5:K6:K7:K8)/100000 -> 0 | L21: =SUMPRODUCT($D$5:$D$6:$D$7:$D$8,L5:L6:L7:L8)/100000 -> 0 | M21: =SUMPRODUCT($D$5:$D$6:$D$7:$D$8,M5:M6:M7:M8)/100000 -> 0 | N21: =SUMPRODUCT($D$5:$D$6:$D$7:$D$8,N5:N6:N7:N8)/100000 -> 0 | ... AB21: =SUMPRODUCT($D$5:$D$6:$D$7:$D$8,AB5:AB6:AB7:AB8)/100000 -> 0
C22: ZEFRICH GROUP | E22: =SUMPRODUCT($D$11:$D$12:$D$13,E11:E12:E13)/100000 -> 0.5840565 | F22: =SUMPRODUCT($D$11:$D$12:$D$13,F11:F12:F13)/100000 -> 1.7362124 | G22: =SUMPRODUCT($D$9:$D$10:$D$11,G9:G10:G11)/100000 -> 2.4059517 | H22: =SUMPRODUCT($D$9:$D$10:$D$11,H9:H10:H11)/100000 -> 3.0164045 | I22: =SUMPRODUCT($D$9:$D$10:$D$11,I9:I10:I11)/100000 -> 2.4759349 | J22: =SUMPRODUCT($D$9:$D$10:$D$11,J9:J10:J11)/100000 -> 3.4405116 | K22: =SUMPRODUCT($D$9:$D$10:$D$11,K9:K10:K11)/100000 -> 0 | L22: =SUMPRODUCT($D$9:$D$10:$D$11,L9:L10:L11)/100000 -> 0 | M22: =SUMPRODUCT($D$9:$D$10:$D$11,M9:M10:M11)/100000 -> 0 | N22: =SUMPRODUCT($D$9:$D$10:$D$11,N9:N10:N11)/100000 -> 0 | ... AB22: =SUMPRODUCT($D$9:$D$10:$D$11,AB9:AB10:AB11)/100000 -> 0
C23: ZIORAL GROUP | E23: =SUMPRODUCT($D$14:$D$15,E14:E15)/100000 -> 0.8921376 | F23: =SUMPRODUCT($D$14:$D$15,F14:F15)/100000 -> 1.2121126 | G23: =SUMPRODUCT($D$12:$D$13,G12:G13)/100000 -> 0.0447568 | H23: =SUMPRODUCT($D$12:$D$13,H12:H13)/100000 -> 0.2117302 | I23: =SUMPRODUCT($D$12:$D$13,I12:I13)/100000 -> 0.0251702 | J23: =SUMPRODUCT($D$12:$D$13,J12:J13)/100000 -> 0.1507148 | K23: =SUMPRODUCT($D$12:$D$13,K12:K13)/100000 -> 0 | L23: =SUMPRODUCT($D$12:$D$13,L12:L13)/100000 -> 0 | M23: =SUMPRODUCT($D$12:$D$13,M12:M13)/100000 -> 0 | N23: =SUMPRODUCT($D$12:$D$13,N12:N13)/100000 -> 0 | ... AB23: =SUMPRODUCT($D$12:$D$13,AB12:AB13)/100000 -> 0
C24: Total | E24: =SUM(E20:E23) -> 11.041141 | F24: =SUM(F20:F23) -> 15.632881 | G24: =SUM(G20:G23) -> 5.5157047 | H24: =SUM(H20:H23) -> 7.0674374 | I24: =SUM(I20:I23) -> 5.2315011 | J24: =SUM(J20:J23) -> 8.1771772 | K24: =SUM(K20:K23) -> 0 | L24: =SUM(L20:L23) -> 0 | ... AB24: =SUM(AB20:AB23) -> 0
Y193: 0 | Z193: 5
Y194: 1 | Z194: 7
Y195: 0 | Z195: 0
Y196: 112 | Z196: 118
Y197: 11 | Z197: 10
Y198: 36 | Z198: 16
Y199: 0 | Z199: 0
Y200: 12 | Z200: 7
Y201: 0 | Z201: 5
Y202: 28 | Z202: 37
Y203: 11 | Z203: 51
Y204: 0 | Z204: 0
... Y455: 0 | Z455: 5

Sheet AHMEDABAD
A1: 2026_27 | C1: AHMEDABAD POOL | E1: APR'26 | G1: MAY'26 | I1: JUN'26 | K1: JUL'26 | M1: AUG'26 | O1: SEP'26 | Q1: OCT'26 | S1: NOV'26 | U1: DEC'26 | W1: JAN'26 | Y1: FEB'26 | AA1: MAR'26
B2: S.No | C2: PRODUCT | D2: PTS | E2: S.S. | F2: C.S. | G2: S.S. | H2: C.S. | I2: S.S. | J2: C.S. | K2: S.S. | L2: C.S. | M2: S.S. | N2: C.S. | O2: S.S. | P2: C.S. | Q2: S.S. | R2: C.S. | S2: S.S. | T2: C.S. | U2: S.S. | V2: C.S. | W2: S.S. | X2: C.S. | Y2: S.S. | Z2: C.S. | AA2: S.S. | AB2: C.S.
A3: TOTAL | B3: 1 | C3: CALYUMM P SUP 200 ML | D3: 92.9 | E3: =E25+E47+E69+E91+E113+E135+E157+E179+E201+E223+E245+E267+E289+E311+E333+E355+E377+E399+E421+E443+E465+E487+E509+E531+E553+E575+E597 -> 3 | F3: =F25+F47+F69+F91+F113+F135+F157+F179+F201+F223+F245+F267+F289+F311+F333+F355+F377+F399+F421+F443+F465+F487+F509+F531+F553+F575+F597 -> 75 | G3: =G25+G47+G69+G91+G113+G135+G157+G179+G201+G223+G245+G267+G289+G311+G333+G355+G377+G399+G421+G443+G465+G487+G509+G531+G553+G575+G597 -> 0 | H3: =H25+H47+H69+H91+H113+H135+H157+H179+H201+H223+H245+H267+H289+H311+H333+H355+H377+H399+H421+H443+H465+H487+H509+H531+H553+H575+H597 -> 0 | I3: =I25+I47+I69+I91+I113+I135+I157+I179+I201+I223+I245+I267+I289+I311+I333+I355+I377+I399+I421+I443+I465+I487+I509+I531+I553+I575+I597 -> 16 | J3: =J25+J47+J69+J91+J113+J135+J157+J179+J201+J223+J245+J267+J289+J311+J333+J355+J377+J399+J421+J443+J465+J487+J509+J531+J553+J575+J597 -> 80 | K3: =K25+K47+K69+K91+K113+K135+K157+K179+K201+K223+K245+K267+K289+K311+K333+K355+K377+K399+K421+K443+K465+K487+K509+K531+K553+K575+K597 -> 2 | L3: =L25+L47+L69+L91+L113+L135+L157+L179+L201+L223+L245+L267+L289+L311+L333+L355+L377+L399+L421+L443+L465+L487+L509+L531+L553+L575+L597 -> 7 | ... AB3: =AB25+AB47+AB69+AB91+AB113+AB135+AB157+AB179+AB201+AB223+AB245+AB267+AB289+AB311+AB333+AB355+AB377+AB399+AB421+AB443+AB465+AB487+AB509+AB531+AB553+AB575+AB597 -> 0
B4: 2 | C4: MUMMUM-1 200 GM | D4: 154.38 | E4: =E26+E48+E70+E92+E114+E136+E158+E180+E202+E224+E246+E268+E290+E312+E334+E356+E378+E400+E422+E444+E466+E488+E510+E532+E554+E576+E598 -> 5 | F4: =F26+F48+F70+F92+F114+F136+F158+F180+F202+F224+F246+F268+F290+F312+F334+F356+F378+F400+F422+F444+F466+F488+F510+F532+F554+F576+F598 -> 63 | G4: =G26+G48+G70+G92+G114+G136+G158+G180+G202+G224+G246+G268+G290+G312+G334+G356+G378+G400+G422+G444+G466+G488+G510+G532+G554+G576+G598 -> 0 | H4: =H26+H48+H70+H92+H114+H136+H158+H180+H202+H224+H246+H268+H290+H312+H334+H356+H378+H400+H422+H444+H466+H488+H510+H532+H554+H576+H598 -> 0 | I4: =I26+I48+I70+I92+I114+I136+I158+I180+I202+I224+I246+I268+I290+I312+I334+I356+I378+I400+I422+I444+I466+I488+I510+I532+I554+I576+I598 -> 0 | J4: =J26+J48+J70+J92+J114+J136+J158+J180+J202+J224+J246+J268+J290+J312+J334+J356+J378+J400+J422+J444+J466+J488+J510+J532+J554+J576+J598 -> 83 | K4: =K26+K48+K70+K92+K114+K136+K158+K180+K202+K224+K246+K268+K290+K312+K334+K356+K378+K400+K422+K444+K466+K488+K510+K532+K554+K576+K598 -> 0 | L4: =L26+L48+L70+L92+L114+L136+L158+L180+L202+L224+L246+L268+L290+L312+L334+L356+L378+L400+L422+L444+L466+L488+L510+L532+L554+L576+L598 -> 0 | ... AB4: =AB26+AB48+AB70+AB92+AB114+AB136+AB158+AB180+AB202+AB224+AB246+AB268+AB290+AB312+AB334+AB356+AB378+AB400+AB422+AB444+AB466+AB488+AB510+AB532+AB554+AB576+AB598 -> 0
B5: 3 | C5: MUMMUM-1 400 GM | D5: 283.73 | E5: =E27+E49+E71+E93+E115+E137+E159+E181+E203+E225+E247+E269+E291+E313+E335+E357+E379+E401+E423+E445+E467+E489+E511+E533+E555+E577+E599 -> 100 | F5: =F27+F49+F71+F93+F115+F137+F159+F181+F203+F225+F247+F269+F291+F313+F335+F357+F379+F401+F423+F445+F467+F489+F511+F533+F555+F577+F599 -> 250 | G5: =G27+G49+G71+G93+G115+G137+G159+G181+G203+G225+G247+G269+G291+G313+G335+G357+G379+G401+G423+G445+G467+G489+G511+G533+G555+G577+G599 -> 0 | H5: =H27+H49+H71+H93+H115+H137+H159+H181+H203+H225+H247+H269+H291+H313+H335+H357+H379+H401+H423+H445+H467+H489+H511+H533+H555+H577+H599 -> 0 | I5: =I27+I49+I71+I93+I115+I137+I159+I181+I203+I225+I247+I269+I291+I313+I335+I357+I379+I401+I423+I445+I467+I489+I511+I533+I555+I577+I599 -> 70 | J5: =J27+J49+J71+J93+J115+J137+J159+J181+J203+J225+J247+J269+J291+J313+J335+J357+J379+J401+J423+J445+J467+J489+J511+J533+J555+J577+J599 -> 269 | K5: =K27+K49+K71+K93+K115+K137+K159+K181+K203+K225+K247+K269+K291+K313+K335+K357+K379+K401+K423+K445+K467+K489+K511+K533+K555+K577+K599 -> 7 | L5: =L27+L49+L71+L93+L115+L137+L159+L181+L203+L225+L247+L269+L291+L313+L335+L357+L379+L401+L423+L445+L467+L489+L511+L533+L555+L577+L599 -> 36 | ... AB5: =AB27+AB49+AB71+AB93+AB115+AB137+AB159+AB181+AB203+AB225+AB247+AB269+AB291+AB313+AB335+AB357+AB379+AB401+AB423+AB445+AB467+AB489+AB511+AB533+AB555+AB577+AB599 -> 0
B6: 4 | C6: MUMMUM-2 400 GM | D6: 344.75 | E6: =E28+E50+E72+E94+E116+E138+E160+E182+E204+E226+E248+E270+E292+E314+E336+E358+E380+E402+E424+E446+E468+E490+E512+E534+E556+E578+E600 -> 95 | F6: =F28+F50+F72+F94+F116+F138+F160+F182+F204+F226+F248+F270+F292+F314+F336+F358+F380+F402+F424+F446+F468+F490+F512+F534+F556+F578+F600 -> 238 | G6: =G28+G50+G72+G94+G116+G138+G160+G182+G204+G226+G248+G270+G292+G314+G336+G358+G380+G402+G424+G446+G468+G490+G512+G534+G556+G578+G600 -> 0 | H6: =H28+H50+H72+H94+H116+H138+H160+H182+H204+H226+H248+H270+H292+H314+H336+H358+H380+H402+H424+H446+H468+H490+H512+H534+H556+H578+H600 -> 0 | I6: =I28+I50+I72+I94+I116+I138+I160+I182+I204+I226+I248+I270+I292+I314+I336+I358+I380+I402+I424+I446+I468+I490+I512+I534+I556+I578+I600 -> 45 | J6: =J28+J50+J72+J94+J116+J138+J160+J182+J204+J226+J248+J270+J292+J314+J336+J358+J380+J402+J424+J446+J468+J490+J512+J534+J556+J578+J600 -> 212 | K6: =K28+K50+K72+K94+K116+K138+K160+K182+K204+K226+K248+K270+K292+K314+K336+K358+K380+K402+K424+K446+K468+K490+K512+K534+K556+K578+K600 -> 17 | L6: =L28+L50+L72+L94+L116+L138+L160+L182+L204+L226+L248+L270+L292+L314+L336+L358+L380+L402+L424+L446+L468+L490+L512+L534+L556+L578+L600 -> 40 | ... AB6: =AB28+AB50+AB72+AB94+AB116+AB138+AB160+AB182+AB204+AB226+AB248+AB270+AB292+AB314+AB336+AB358+AB380+AB402+AB424+AB446+AB468+AB490+AB512+AB534+AB556+AB578+AB600 -> 0
B7: 5 | C7: SIMYL MCT 200 GM | D7: 208.06 | E7: =E29+E51+E73+E95+E117+E139+E161+E183+E205+E227+E249+E271+E293+E315+E337+E359+E381+E403+E425+E447+E469+E491+E513+E535+E557+E579+E601 -> 260 | F7: =F29+F51+F73+F95+F117+F139+F161+F183+F205+F227+F249+F271+F293+F315+F337+F359+F381+F403+F425+F447+F469+F491+F513+F535+F557+F579+F601 -> 427 | G7: =G29+G51+G73+G95+G117+G139+G161+G183+G205+G227+G249+G271+G293+G315+G337+G359+G381+G403+G425+G447+G469+G491+G513+G535+G557+G579+G601 -> 0 | H7: =H29+H51+H73+H95+H117+H139+H161+H183+H205+H227+H249+H271+H293+H315+H337+H359+H381+H403+H425+H447+H469+H491+H513+H535+H557+H579+H601 -> 0 | I7: =I29+I51+I73+I95+I117+I139+I161+I183+I205+I227+I249+I271+I293+I315+I337+I359+I381+I403+I425+I447+I469+I491+I513+I535+I557+I579+I601 -> 315 | J7: =J29+J51+J73+J95+J117+J139+J161+J183+J205+J227+J249+J271+J293+J315+J337+J359+J381+J403+J425+J447+J469+J491+J513+J535+J557+J579+J601 -> 465 | K7: =K29+K51+K73+K95+K117+K139+K161+K183+K205+K227+K249+K271+K293+K315+K337+K359+K381+K403+K425+K447+K469+K491+K513+K535+K557+K579+K601 -> 28 | L7: =L29+L51+L73+L95+L117+L139+L161+L183+L205+L227+L249+L271+L293+L315+L337+L359+L381+L403+L425+L447+L469+L491+L513+L535+L557+L579+L601 -> 141 | ... AB7: =AB29+AB51+AB73+AB95+AB117+AB139+AB161+AB183+AB205+AB227+AB249+AB271+AB293+AB315+AB337+AB359+AB381+AB403+AB425+AB447+AB469+AB491+AB513+AB535+AB557+AB579+AB601 -> 0
B8: 6 | C8: SIMYL MCT 400 GM | D8: 399.65 | E8: =E30+E52+E74+E96+E118+E140+E162+E184+E206+E228+E250+E272+E294+E316+E338+E360+E382+E404+E426+E448+E470+E492+E514+E536+E558+E580+E602 -> 397 | F8: =F30+F52+F74+F96+F118+F140+F162+F184+F206+F228+F250+F272+F294+F316+F338+F360+F382+F404+F426+F448+F470+F492+F514+F536+F558+F580+F602 -> 420 | G8: =G30+G52+G74+G96+G118+G140+G162+G184+G206+G228+G250+G272+G294+G316+G338+G360+G382+G404+G426+G448+G470+G492+G514+G536+G558+G580+G602 -> 0 | H8: =H30+H52+H74+H96+H118+H140+H162+H184+H206+H228+H250+H272+H294+H316+H338+H360+H382+H404+H426+H448+H470+H492+H514+H536+H558+H580+H602 -> 0 | I8: =I30+I52+I74+I96+I118+I140+I162+I184+I206+I228+I250+I272+I294+I316+I338+I360+I382+I404+I426+I448+I470+I492+I514+I536+I558+I580+I602 -> 342 | J8: =J30+J52+J74+J96+J118+J140+J162+J184+J206+J228+J250+J272+J294+J316+J338+J360+J382+J404+J426+J448+J470+J492+J514+J536+J558+J580+J602 -> 402 | K8: =K30+K52+K74+K96+K118+K140+K162+K184+K206+K228+K250+K272+K294+K316+K338+K360+K382+K404+K426+K448+K470+K492+K514+K536+K558+K580+K602 -> 6 | L8: =L30+L52+L74+L96+L118+L140+L162+L184+L206+L228+L250+L272+L294+L316+L338+L360+L382+L404+L426+L448+L470+L492+L514+L536+L558+L580+L602 -> 39 | ... AB8: =AB30+AB52+AB74+AB96+AB118+AB140+AB162+AB184+AB206+AB228+AB250+AB272+AB294+AB316+AB338+AB360+AB382+AB404+AB426+AB448+AB470+AB492+AB514+AB536+AB558+AB580+AB602 -> 0
B9: 7 | C9: SIMYL MCT OIL (HDPE) 100 ML | D9: 228.82 | E9: =E31+E53+E75+E97+E119+E141+E163+E185+E207+E229+E251+E273+E295+E317+E339+E361+E383+E405+E427+E449+E471+E493+E515+E537+E559+E581+E603 -> 843 | F9: =F31+F53+F75+F97+F119+F141+F163+F185+F207+F229+F251+F273+F295+F317+F339+F361+F383+F405+F427+F449+F471+F493+F515+F537+F559+F581+F603 -> 857 | G9: =G31+G53+G75+G97+G119+G141+G163+G185+G207+G229+G251+G273+G295+G317+G339+G361+G383+G405+G427+G449+G471+G493+G515+G537+G559+G581+G603 -> 0 | H9: =H31+H53+H75+H97+H119+H141+H163+H185+H207+H229+H251+H273+H295+H317+H339+H361+H383+H405+H427+H449+H471+H493+H515+H537+H559+H581+H603 -> 0 | I9: =I31+I53+I75+I97+I119+I141+I163+I185+I207+I229+I251+I273+I295+I317+I339+I361+I383+I405+I427+I449+I471+I493+I515+I537+I559+I581+I603 -> 790 | J9: =J31+J53+J75+J97+J119+J141+J163+J185+J207+J229+J251+J273+J295+J317+J339+J361+J383+J405+J427+J449+J471+J493+J515+J537+J559+J581+J603 -> 1155 | K9: =K31+K53+K75+K97+K119+K141+K163+K185+K207+K229+K251+K273+K295+K317+K339+K361+K383+K405+K427+K449+K471+K493+K515+K537+K559+K581+K603 -> 146 | L9: =L31+L53+L75+L97+L119+L141+L163+L185+L207+L229+L251+L273+L295+L317+L339+L361+L383+L405+L427+L449+L471+L493+L515+L537+L559+L581+L603 -> 280 | ... AB9: =AB31+AB53+AB75+AB97+AB119+AB141+AB163+AB185+AB207+AB229+AB251+AB273+AB295+AB317+AB339+AB361+AB383+AB405+AB427+AB449+AB471+AB493+AB515+AB537+AB559+AB581+AB603 -> 0
B10: 8 | C10: SIMYL-LBW 400 GM | D10: 402.71 | E10: =E32+E54+E76+E98+E120+E142+E164+E186+E208+E230+E252+E274+E296+E318+E340+E362+E384+E406+E428+E450+E472+E494+E516+E538+E560+E582+E604 -> 41 | F10: =F32+F54+F76+F98+F120+F142+F164+F186+F208+F230+F252+F274+F296+F318+F340+F362+F384+F406+F428+F450+F472+F494+F516+F538+F560+F582+F604 -> 103 | G10: =G32+G54+G76+G98+G120+G142+G164+G186+G208+G230+G252+G274+G296+G318+G340+G362+G384+G406+G428+G450+G472+G494+G516+G538+G560+G582+G604 -> 0 | H10: =H32+H54+H76+H98+H120+H142+H164+H186+H208+H230+H252+H274+H296+H318+H340+H362+H384+H406+H428+H450+H472+H494+H516+H538+H560+H582+H604 -> 0 | I10: =I32+I54+I76+I98+I120+I142+I164+I186+I208+I230+I252+I274+I296+I318+I340+I362+I384+I406+I428+I450+I472+I494+I516+I538+I560+I582+I604 -> 31 | J10: =J32+J54+J76+J98+J120+J142+J164+J186+J208+J230+J252+J274+J296+J318+J340+J362+J384+J406+J428+J450+J472+J494+J516+J538+J560+J582+J604 -> 94 | K10: =K32+K54+K76+K98+K120+K142+K164+K186+K208+K230+K252+K274+K296+K318+K340+K362+K384+K406+K428+K450+K472+K494+K516+K538+K560+K582+K604 -> 0 | L10: =L32+L54+L76+L98+L120+L142+L164+L186+L208+L230+L252+L274+L296+L318+L340+L362+L384+L406+L428+L450+L472+L494+L516+L538+L560+L582+L604 -> 0 | ... AB10: =AB32+AB54+AB76+AB98+AB120+AB142+AB164+AB186+AB208+AB230+AB252+AB274+AB296+AB318+AB340+AB362+AB384+AB406+AB428+AB450+AB472+AB494+AB516+AB538+AB560+AB582+AB604 -> 0
B11: 9 | C11: ZEFRICH CHOCOLATE 200 GM | D11: 250.17 | E11: =E33+E55+E77+E99+E121+E143+E165+E187+E209+E231+E253+E275+E297+E319+E341+E363+E385+E407+E429+E451+E473+E495+E517+E539+E561+E583+E605 -> 123 | F11: =F33+F55+F77+F99+F121+F143+F165+F187+F209+F231+F253+F275+F297+F319+F341+F363+F385+F407+F429+F451+F473+F495+F517+F539+F561+F583+F605 -> 276 | G11: =G33+G55+G77+G99+G121+G143+G165+G187+G209+G231+G253+G275+G297+G319+G341+G363+G385+G407+G429+G451+G473+G495+G517+G539+G561+G583+G605 -> 0 | H11: =H33+H55+H77+H99+H121+H143+H165+H187+H209+H231+H253+H275+H297+H319+H341+H363+H385+H407+H429+H451+H473+H495+H517+H539+H561+H583+H605 -> 0 | I11: =I33+I55+I77+I99+I121+I143+I165+I187+I209+I231+I253+I275+I297+I319+I341+I363+I385+I407+I429+I451+I473+I495+I517+I539+I561+I583+I605 -> 111 | J11: =J33+J55+J77+J99+J121+J143+J165+J187+J209+J231+J253+J275+J297+J319+J341+J363+J385+J407+J429+J451+J473+J495+J517+J539+J561+J583+J605 -> 336 | K11: =K33+K55+K77+K99+K121+K143+K165+K187+K209+K231+K253+K275+K297+K319+K341+K363+K385+K407+K429+K451+K473+K495+K517+K539+K561+K583+K605 -> 0 | L11: =L33+L55+L77+L99+L121+L143+L165+L187+L209+L231+L253+L275+L297+L319+L341+L363+L385+L407+L429+L451+L473+L495+L517+L539+L561+L583+L605 -> 66 | ... N11: =N33+N55+N77+N99+N121+N143+N165+N187+N209+N231+N253+N275+N297+N319+N341+N363+N385+N407+N429+N451+N473+N495+N517+N539+N561+N583+N605 -> 0 | O11: =O33+O55+O77+O99+O121+O143+O165+O187+O209+O229+O253+O275+O297+O319+O341+O363+O385+O407+O429+O451+O473+O495+O517+O539+O561+O583+O605 -> 0 | P11: =P33+P55+P77+P99+P121+P143+P165+P187+P209+P229+P253+P275+P297+P319+P341+P363+P385+P407+P429+P451+P473+P495+P517+P539+P561+P583+P605 -> 0 | Q11: =Q33+Q55+Q77+Q99+Q121+Q143+Q165+Q187+Q209+Q231+Q253+Q275+Q297+Q319+Q341+Q363+Q385+Q407+Q429+Q451+Q473+Q495+Q517+Q539+Q561+Q583+Q605 -> 0 | R11: =R33+R55+R77+R99+R121+R143+R165+R187+R209+R231+R253+R275+R297+R319+R341+R363+R385+R407+R429+R451+R473+R495+R517+R539+R561+R583+R605 -> 0 | S11: =S33+S55+S77+S99+S121+S143+S165+S187+S209+S231+S253+S275+S297+S319+S341+S363+S385+S407+S429+S451+S473+S495+S517+S539+S561+S583+S605 -> 0 | T11: =T33+T55+T77+T99+T121+T143+T165+T187+T209+T231+T253+T275+T297+T319+T341+T363+T385+T407+T429+T451+T473+T495+T517+T539+T561+T583+T605 -> 0 | U11: =U33+U55+U77+U99+U121+U143+U165+U187+U209+U231+U253+U275+U297+U319+U341+U363+U385+U407+U429+U451+U473+U495+U517+U539+U561+U583+U605 -> 0 | V11: =V33+V55+V77+V99+V121+V143+V165+V187+V209+V231+V253+V275+V297+V319+V341+V363+V385+V407+V429+V451+V473+V495+V517+V539+V561+V583+V605 -> 0 | W11: =W33+W55+W77+W99+W121+W143+W165+W187+W209+W231+W253+W275+W297+W319+W341+W363+W385+W407+W429+W451+W473+W495+W517+W539+W561+W583+W605 -> 0 | X11: =X33+X55+X77+X99+X121+X143+X165+X187+X209+X231+X253+X275+X297+X319+X341+X363+X385+X407+X429+X451+X473+X495+X517+X539+X561+X583+X605 -> 0 | ... AB11: =AB33+AB55+AB77+AB99+AB121+AB143+AB165+AB187+AB209+AB231+AB253+AB275+AB297+AB319+AB341+AB363+AB385+AB407+AB429+AB451+AB473+AB495+AB517+AB539+AB561+AB583+AB605 -> 0
B12: 10 | C12: ZEFRICH MILK MASALA 200 GM | D12: 250.17 | E12: =E34+E56+E78+E100+E122+E144+E166+E188+E210+E232+E254+E276+E298+E320+E342+E364+E386+E408+E430+E452+E474+E496+E518+E540+E562+E584+E606 -> 64 | F12: =F34+F56+F78+F100+F122+F144+F166+F188+F210+F232+F254+F276+F298+F320+F342+F364+F386+F408+F430+F452+F474+F496+F518+F540+F562+F584+F606 -> 183 | G12: =G34+G56+G78+G100+G122+G144+G166+G188+G210+G232+G254+G276+G298+G320+G342+G364+G386+G408+G430+G452+G474+G496+G518+G540+G562+G584+G606 -> 0 | H12: =H34+H56+H78+H100+H122+H144+H166+H188+H210+H232+H254+H276+H298+H320+H342+H364+H386+H408+H430+H452+H474+H496+H518+H540+H562+H584+H606 -> 0 | I12: =I34+I56+I78+I100+I122+I144+I166+I188+I210+I232+I254+I276+I298+I320+I342+I364+I386+I408+I430+I452+I474+I496+I518+I540+I562+I584+I606 -> 71 | J12: =J34+J56+J78+J100+J122+J144+J166+J188+J210+J232+J254+J276+J298+J320+J342+J364+J386+J408+J430+J452+J474+J496+J518+J540+J562+J584+J606 -> 222 | K12: =K34+K56+K78+K100+K122+K144+K166+K188+K210+K232+K254+K276+K298+K320+K342+K364+K386+K408+K430+K452+K474+K496+K518+K540+K562+K584+K606 -> 0 | L12: =L34+L56+L78+L100+L122+L144+L166+L188+L210+L232+L254+L276+L298+L320+L342+L364+L386+L408+L430+L452+L474+L496+L518+L540+L562+L584+L606 -> 0 | ... AB12: =AB34+AB56+AB78+AB100+AB122+AB144+AB166+AB188+AB210+AB232+AB254+AB276+AB298+AB320+AB342+AB364+AB386+AB408+AB430+AB452+AB474+AB496+AB518+AB540+AB562+AB584+AB606 -> 0
B13: 11 | C13: ZEFRICH HP M M 200 GM | D13: 228.82 | E13: =E35+E57+E79+E101+E123+E145+E167+E189+E211+E233+E255+E277+E299+E321+E343+E365+E387+E409+E431+E453+E475+E497+E519+E541+E563+E585+E607 -> 10 | F13: =F35+F57+F79+F101+F123+F145+F167+F189+F211+F233+F255+F277+F299+F321+F343+F365+F387+F409+F431+F453+F475+F497+F519+F541+F563+F585+F607 -> 58 | G13: =G35+G57+G79+G101+G123+G145+G167+G189+G211+G233+G255+G277+G299+G321+G343+G365+G387+G409+G431+G453+G475+G497+G519+G541+G563+G585+G607 -> 0 | H13: =H35+H57+H79+H101+H123+H145+H167+H189+H211+H233+H255+H277+H299+H321+H343+H365+H387+H409+H431+H453+H475+H497+H519+H541+H563+H585+H607 -> 0 | I13: =I35+I57+I79+I101+I123+I145+I167+I189+I211+I233+I255+I277+I299+I321+I343+I365+I387+I409+I431+I453+I475+I497+I519+I541+I563+I585+I607 -> 19 | J13: =J35+J57+J79+J101+J123+J145+J167+J189+J211+J233+J255+J277+J299+J321+J343+J365+J387+J409+J431+J453+J475+J497+J519+J541+J563+J585+J607 -> 116 | K13: =K35+K57+K79+K101+K123+K145+K167+K189+K211+K233+K255+K277+K299+K321+K343+K365+K387+K409+K431+K453+K475+K497+K519+K541+K563+K585+K607 -> 1 | L13: =L35+L57+L79+L101+L123+L145+L167+L189+L211+L233+L255+L277+L299+L321+L343+L365+L387+L409+L431+L453+L475+L497+L519+L541+L563+L585+L607 -> 26 | ... AB13: =AB35+AB57+AB79+AB101+AB123+AB145+AB167+AB189+AB211+AB233+AB255+AB277+AB299+AB321+AB343+AB365+AB387+AB409+AB431+AB453+AB475+AB497+AB519+AB541+AB563+AB585+AB607 -> 0
B14: 12 | C14: ZIORAL DROPS 15 ML | D14: 56.38 | E14: =E36+E58+E80+E102+E124+E146+E168+E190+E212+E234+E256+E278+E300+E322+E344+E366+E388+E410+E432+E454+E476+E498+E520+E542+E564+E586+E608 -> 248 | F14: =F36+F58+F80+F102+F124+F146+F168+F190+F212+F234+F256+F278+F300+F322+F344+F366+F388+F410+F432+F454+F476+F498+F520+F542+F564+F586+F608 -> 361 | G14: =G36+G58+G80+G102+G124+G146+G168+G190+G212+G234+G256+G278+G300+G322+G344+G366+G388+G410+G432+G454+G476+G498+G520+G542+G564+G586+G608 -> 0 | H14: =H36+H58+H80+H102+H124+H146+H168+H190+H212+H234+H256+H278+H300+H322+H344+H366+H388+H410+H432+H454+H476+H498+H520+H542+H564+H586+H608 -> 0 | I14: =I36+I58+I80+I102+I124+I146+I168+I190+I212+I234+I256+I278+I300+I322+I344+I366+I388+I410+I432+I454+I476+I498+I520+I542+I564+I586+I608 -> 305 | J14: =J36+J58+J80+J102+J124+J146+J168+J190+J212+J234+J256+J278+J300+J322+J344+J366+J388+J410+J432+J454+J476+J498+J520+J542+J564+J586+J608 -> 532 | K14: =K36+K58+K80+K102+K124+K146+K168+K190+K212+K234+K256+K278+K300+K322+K344+K366+K388+K410+K432+K454+K476+K498+K520+K542+K564+K586+K608 -> 73 | L14: =L36+L58+L80+L102+L124+L146+L168+L190+L212+L234+L256+L278+L300+L322+L344+L366+L388+L410+L432+L454+L476+L498+L520+L542+L564+L586+L608 -> 164 | ... AB14: =AB36+AB58+AB80+AB102+AB124+AB146+AB168+AB190+AB212+AB234+AB256+AB278+AB300+AB322+AB344+AB366+AB388+AB410+AB432+AB454+AB476+AB498+AB520+AB542+AB564+AB586+AB608 -> 0
B15: 13 | C15: ZIORAL ORAL SYP 100 ML | D15: 70.14 | E15: =E37+E59+E81+E103+E125+E147+E169+E191+E213+E235+E257+E279+E301+E323+E345+E367+E389+E411+E433+E455+E477+E499+E521+E543+E565+E587+E609 -> 630 | F15: =F37+F59+F81+F103+F125+F147+F169+F191+F213+F235+F257+F279+F301+F323+F345+F367+F389+F411+F433+F455+F477+F499+F521+F543+F565+F587+F609 -> 586 | G15: =G37+G59+G81+G103+G125+G147+G169+G191+G213+G235+G257+G279+G301+G323+G345+G367+G389+G411+G433+G455+G477+G499+G521+G543+G565+G587+G609 -> 0 | H15: =H37+H59+H81+H103+H125+H147+H169+H191+H213+H235+H257+H279+H301+H323+H345+H367+H389+H411+H433+H455+H477+H499+H521+H543+H565+H587+H609 -> 0 | I15: =I37+I59+I81+I103+I125+I147+I169+I191+I213+I235+I257+I279+I301+I323+I345+I367+I389+I411+I433+I455+I477+I499+I521+I543+I565+I587+I609 -> 526 | J15: =J37+J59+J81+J103+J125+J147+J169+J191+J213+J235+J257+J279+J301+J323+J345+J367+J389+J411+J433+J455+J477+J499+J521+J543+J565+J587+J609 -> 926 | K15: =K37+K59+K81+K103+K125+K147+K169+K191+K213+K235+K257+K279+K301+K323+K345+K367+K389+K411+K433+K455+K477+K499+K521+K543+K565+K587+K609 -> 154 | L15: =L37+L59+L81+L103+L125+L147+L169+L191+L213+L235+L257+L279+L301+L323+L345+L367+L389+L411+L433+L455+L477+L499+L521+L543+L565+L587+L609 -> 149 | ... AB15: =AB37+AB59+AB81+AB103+AB125+AB147+AB169+AB191+AB213+AB235+AB257+AB279+AB301+AB323+AB345+AB367+AB389+AB411+AB433+AB455+AB477+AB499+AB521+AB543+AB565+AB587+AB609 -> 0
B16: 14 | E16: =E38+E60+E82+E104+E126+E148+E170+E192+E214+E236+E258+E280+E302+E324+E346+E368+E390+E412+E434+E456+E478+E500+E522+E544+E566+E588+E610 -> 0 | F16: =F38+F60+F82+F104+F126+F148+F170+F192+F214+F236+F258+F280+F302+F324+F346+F368+F390+F412+F434+F456+F478+F500+F522+F544+F566+F588+F610 -> 0 | G16: =G38+G60+G82+G104+G126+G148+G170+G192+G214+G236+G258+G280+G302+G324+G346+G368+G390+G412+G434+G456+G478+G500+G522+G544+G566+G588+G610 -> 0 | H16: =H38+H60+H82+H104+H126+H148+H170+H192+H214+H236+H258+H280+H302+H324+H346+H368+H390+H412+H434+H456+H478+H500+H522+H544+H566+H588+H610 -> 0 | I16: =I38+I60+I82+I104+I126+I148+I170+I192+I214+I236+I258+I280+I302+I324+I346+I368+I390+I412+I434+I456+I478+I500+I522+I544+I566+I588+I610 -> 0 | J16: =J38+J60+J82+J104+J126+J148+J170+J192+J214+J236+J258+J280+J302+J324+J346+J368+J390+J412+J434+J456+J478+J500+J522+J544+J566+J588+J610 -> 0 | K16: =K38+K60+K82+K104+K126+K148+K170+K192+K214+K236+K258+K280+K302+K324+K346+K368+K390+K412+K434+K456+K478+K500+K522+K544+K566+K588+K610 -> 0 | L16: =L38+L60+L82+L104+L126+L148+L170+L192+L214+L236+L258+L280+L302+L324+L346+L368+L390+L412+L434+L456+L478+L500+L522+L544+L566+L588+L610 -> 0 | ... AB16: =AB38+AB60+AB82+AB104+AB126+AB148+AB170+AB192+AB214+AB236+AB258+AB280+AB302+AB324+AB346+AB368+AB390+AB412+AB434+AB456+AB478+AB500+AB522+AB544+AB566+AB588+AB610 -> 0
C17: Total | E17: =SUMPRODUCT($D3:$D16,E3:E16)/100000 -> 5.915783 | F17: =SUMPRODUCT($D3:$D16,F3:F16)/100000 -> 8.5350374 | G17: =SUMPRODUCT($D3:$D16,G3:G16)/100000 -> 0 | H17: =SUMPRODUCT($D3:$D16,H3:H16)/100000 -> 0 | I17: =SUMPRODUCT($D3:$D16,I3:I16)/100000 -> 5.3630032 | J17: =SUMPRODUCT($D3:$D16,J3:J16)/100000 -> 9.9028673 | K17: =SUMPRODUCT($D3:$D16,K3:K16)/100000 -> 0.6481008 | L17: =SUMPRODUCT($D3:$D16,L3:L16)/100000 -> 1.7580471 | ... V17: =SUMPRODUCT($D3:$D16,V3:V16)/100000 -> 0 | W17: 6.3281188 | X17: 8.4996214 | Y17: =SUMPRODUCT($D3:$D16,Y3:Y16)/100000 -> 0 | Z17: =SUMPRODUCT($D3:$D16,Z3:Z16)/100000 -> 0 | AA17: =SUMPRODUCT($D3:$D16,AA3:AA16)/100000 -> 0 | AB17: =SUMPRODUCT($D3:$D16,AB3:AB16)/100000 -> 0
B19: CODE | C19: PRODUCT | E19: S.S. | F19: C.S. | G19: S.S. | H19: C.S. | I19: S.S. | J19: C.S. | K19: S.S. | L19: C.S. | M19: S.S. | N19: C.S. | O19: S.S. | P19: C.S. | Q19: S.S. | R19: C.S. | S19: S.S. | T19: C.S. | U19: S.S. | V19: C.S. | W19: S.S. | X19: C.S. | Y19: S.S. | Z19: C.S. | AA19: S.S. | AB19: C.S.
C20: MUMMUM GROUP | E20: =SUMPRODUCT($D$2:$D$3:$D$4,E2:E3:E4)/100000 -> 0.010506 | F20: =SUMPRODUCT($D$2:$D$3:$D$4,F2:F3:F4)/100000 -> 0.1669344 | G20: =SUMPRODUCT($D$2:$D$3:$D$4,G2:G3:G4)/100000 -> 0 | H20: =SUMPRODUCT($D$2:$D$3:$D$4,H2:H3:H4)/100000 -> 0 | I20: =SUMPRODUCT($D$2:$D$3:$D$4,I2:I3:I4)/100000 -> 0.014864 | J20: =SUMPRODUCT($D$2:$D$3:$D$4,J2:J3:J4)/100000 -> 0.2024554 | K20: =SUMPRODUCT($D$2:$D$3:$D$4,K2:K3:K4)/100000 -> 0.001858 | L20: =SUMPRODUCT($D$4:$D$5:$D$6,L4:L5:L6)/100000 -> 0.2400428 | M20: =SUMPRODUCT($D$4:$D$5:$D$6,M4:M5:M6)/100000 -> 0 | N20: =SUMPRODUCT($D$2:$D$3:$D$4,N2:N3:N4)/100000 -> 0 | O20: =SUMPRODUCT($D$2:$D$3:$D$4,O2:O3:O4)/100000 -> 0 | P20: =SUMPRODUCT($D$2:$D$3:$D$4,P2:P3:P4)/100000 -> 0 | Q20: =SUMPRODUCT($D$2:$D$3:$D$4,Q2:Q3:Q4)/100000 -> 0 | R20: =SUMPRODUCT($D$2:$D$3:$D$4,R2:R3:R4)/100000 -> 0 | S20: =SUMPRODUCT($D$2:$D$3:$D$4,S2:S3:S4)/100000 -> 0 | T20: =SUMPRODUCT($D$2:$D$3:$D$4,T2:T3:T4)/100000 -> 0 | U20: =SUMPRODUCT($D$2:$D$3:$D$4,U2:U3:U4)/100000 -> 0 | V20: =SUMPRODUCT($D$2:$D$3:$D$4,V2:V3:V4)/100000 -> 0 | W20: 0.0250558 | X20: 0.0992534 | Y20: =SUMPRODUCT($D$2:$D$3:$D$4,Y2:Y3:Y4)/100000 -> 0 | Z20: =SUMPRODUCT($D$2:$D$3:$D$4,Z2:Z3:Z4)/100000 -> 0 | AA20: =SUMPRODUCT($D$2:$D$3:$D$4,AA2:AA3:AA4)/100000 -> 0 | AB20: =SUMPRODUCT($D$2:$D$3:$D$4,AB2:AB3:AB4)/100000 -> 0
C21: SIMYL GROUP | E21: =SUMPRODUCT($D$5:$D$6:$D$7:$D$8,E5:E6:E7:E8)/100000 -> 2.738809 | F21: =SUMPRODUCT($D$5:$D$6:$D$7:$D$8,F5:F6:F7:F8)/100000 -> 4.0967762 | G21: =SUMPRODUCT($D$5:$D$6:$D$7:$D$8,G5:G6:G7:G8)/100000 -> 0 | H21: =SUMPRODUCT($D$5:$D$6:$D$7:$D$8,H5:H6:H7:H8)/100000 -> 0 | I21: =SUMPRODUCT($D$5:$D$6:$D$7:$D$8,I5:I6:I7:I8)/100000 -> 2.3759405 | J21: =SUMPRODUCT($D$5:$D$6:$D$7:$D$8,J5:J6:J7:J8)/100000 -> 4.0681757 | K21: =SUMPRODUCT($D$5:$D$6:$D$7:$D$8,K5:K6:K7:K8)/100000 -> 0.1607044 | L21: =SUMPRODUCT($D$7:$D$8:$D$9:$D$10,L7:L8:L9:L10)/100000 -> 1.0899241 | M21: =SUMPRODUCT($D$7:$D$8:$D$9:$D$10,M7:M8:M9:M10)/100000 -> 0 | N21: =SUMPRODUCT($D$5:$D$6:$D$7:$D$8,N5:N6:N7:N8)/100000 -> 0 | O21: =SUMPRODUCT($D$5:$D$6:$D$7:$D$8,O5:O6:O7:O8)/100000 -> 0 | P21: =SUMPRODUCT($D$5:$D$6:$D$7:$D$8,P5:P6:P7:P8)/100000 -> 0 | Q21: =SUMPRODUCT($D$5:$D$6:$D$7:$D$8,Q5:Q6:Q7:Q8)/100000 -> 0 | R21: =SUMPRODUCT($D$5:$D$6:$D$7:$D$8,R5:R6:R7:R8)/100000 -> 0 | S21: =SUMPRODUCT($D$5:$D$6:$D$7:$D$8,S5:S6:S7:S8)/100000 -> 0 | T21: =SUMPRODUCT($D$5:$D$6:$D$7:$D$8,T5:T6:T7:T8)/100000 -> 0 | U21: =SUMPRODUCT($D$5:$D$6:$D$7:$D$8,U5:U6:U7:U8)/100000 -> 0 | V21: =SUMPRODUCT($D$5:$D$6:$D$7:$D$8,V5:V6:V7:V8)/100000 -> 0 | W21: 2.0586702 | X21: 3.8806424 | Y21: =SUMPRODUCT($D$5:$D$6:$D$7:$D$8,Y5:Y6:Y7:Y8)/100000 -> 0 | Z21: =SUMPRODUCT($D$5:$D$6:$D$7:$D$8,Z5:Z6:Z7:Z8)/100000 -> 0 | AA21: =SUMPRODUCT($D$5:$D$6:$D$7:$D$8,AA5:AA6:AA7:AA8)/100000 -> 0 | AB21: =SUMPRODUCT($D$5:$D$6:$D$7:$D$8,AB5:AB6:AB7:AB8)/100000 -> 0
C22: ZEFRICH GROUP | E22: =SUMPRODUCT($D$9:$D$10:$D$11,E9:E10:E11)/100000 -> 2.4017728 | F22: =SUMPRODUCT($D$9:$D$10:$D$11,F9:F10:F11)/100000 -> 3.0662479 | G22: =SUMPRODUCT($D$9:$D$10:$D$11,G9:G10:G11)/100000 -> 0 | H22: =SUMPRODUCT($D$9:$D$10:$D$11,H9:H10:H11)/100000 -> 0 | I22: =SUMPRODUCT($D$9:$D$10:$D$11,I9:I10:I11)/100000 -> 2.2102068 | J22: =SUMPRODUCT($D$9:$D$10:$D$11,J9:J10:J11)/100000 -> 3.8619896 | K22: =SUMPRODUCT($D$9:$D$10:$D$11,K9:K10:K11)/100000 -> 0.3340772 | L22: =SUMPRODUCT($D$11:$D$12:$D$13,L11:L12:L13)/100000 -> 0.2246054 | M22: =SUMPRODUCT($D$11:$D$12:$D$13,M11:M12:M13)/100000 -> 0 | N22: =SUMPRODUCT($D$9:$D$10:$D$11,N9:N10:N11)/100000 -> 0 | O22: =SUMPRODUCT($D$9:$D$10:$D$11,O9:O10:O11)/100000 -> 0 | P22: =SUMPRODUCT($D$9:$D$10:$D$11,P9:P10:P11)/100000 -> 0 | Q22: =SUMPRODUCT($D$9:$D$10:$D$11,Q9:Q10:Q11)/100000 -> 0 | R22: =SUMPRODUCT($D$9:$D$10:$D$11,R9:R10:R11)/100000 -> 0 | S22: =SUMPRODUCT($D$9:$D$10:$D$11,S9:S10:S11)/100000 -> 0 | T22: =SUMPRODUCT($D$9:$D$10:$D$11,T9:T10:T11)/100000 -> 0 | U22: =SUMPRODUCT($D$9:$D$10:$D$11,U9:U10:U11)/100000 -> 0 | V22: =SUMPRODUCT($D$9:$D$10:$D$11,V9:V10:V11)/100000 -> 0 | W22: 3.7585521 | X22: 3.199972 | Y22: =SUMPRODUCT($D$9:$D$10:$D$11,Y9:Y10:Y11)/100000 -> 0 | Z22: =SUMPRODUCT($D$9:$D$10:$D$11,Z9:Z10:Z11)/100000 -> 0 | AA22: =SUMPRODUCT($D$9:$D$10:$D$11,AA9:AA10:AA11)/100000 -> 0 | AB22: =SUMPRODUCT($D$9:$D$10:$D$11,AB9:AB10:AB11)/100000 -> 0
C23: ZIORAL GROUP | E23: =SUMPRODUCT($D$12:$D$13,E12:E13)/100000 -> 0.1829908 | F23: =SUMPRODUCT($D$12:$D$13,F12:F13)/100000 -> 0.5905267 | G23: =SUMPRODUCT($D$12:$D$13,G12:G13)/100000 -> 0 | H23: =SUMPRODUCT($D$12:$D$13,H12:H13)/100000 -> 0 | I23: =SUMPRODUCT($D$12:$D$13,I12:I13)/100000 -> 0.2210965 | J23: =SUMPRODUCT($D$12:$D$13,J12:J13)/100000 -> 0.8208086 | K23: =SUMPRODUCT($D$12:$D$13,K12:K13)/100000 -> 0.0022882 | L23: =SUMPRODUCT($D$14:$D$15,L14:L15)/100000 -> 0.1969718 | M23: =SUMPRODUCT($D$14:$D$15,M14:M15)/100000 -> 0 | N23: =SUMPRODUCT($D$12:$D$13,N12:N13)/100000 -> 0 | O23: =SUMPRODUCT($D$12:$D$13,O12:O13)/100000 -> 0 | P23: =SUMPRODUCT($D$12:$D$13,P12:P13)/100000 -> 0 | Q23: =SUMPRODUCT($D$12:$D$13,Q12:Q13)/100000 -> 0 | R23: =SUMPRODUCT($D$12:$D$13,R12:R13)/100000 -> 0 | S23: =SUMPRODUCT($D$12:$D$13,S12:S13)/100000 -> 0 | T23: =SUMPRODUCT($D$12:$D$13,T12:T13)/100000 -> 0 | U23: =SUMPRODUCT($D$12:$D$13,U12:U13)/100000 -> 0 | V23: =SUMPRODUCT($D$12:$D$13,V12:V13)/100000 -> 0 | W23: 0.1477535 | X23: 0.5508336 | Y23: =SUMPRODUCT($D$12:$D$13,Y12:Y13)/100000 -> 0 | Z23: =SUMPRODUCT($D$12:$D$13,Z12:Z13)/100000 -> 0 | AA23: =SUMPRODUCT($D$12:$D$13,AA12:AA13)/100000 -> 0 | AB23: =SUMPRODUCT($D$12:$D$13,AB12:AB13)/100000 -> 0
C24: Total | E24: =SUM(E20:E23) -> 5.3340786 | F24: =SUM(F20:F23) -> 7.9204852 | G24: =SUM(G20:G23) -> 0 | H24: =SUM(H20:H23) -> 0 | I24: =SUM(I20:I23) -> 4.8221078 | J24: =SUM(J20:J23) -> 8.9534293 | K24: =SUM(K20:K23) -> 0.4989278 | L24: =SUM(L20:L23) -> 1.7515441 | ... AB24: =SUM(AB20:AB23) -> 0
A25: D.K PHARMA | B25: 1 | C25: CALYUMM P SUP 200 ML | D25: 92.9
B26: 2 | C26: MUMMUM-1 200 GM | D26: 154.38
B27: 3 | C27: MUMMUM-1 400 GM | D27: 283.73 | E27: 2 | F27: 26 | I27: 0 | J27: 19
B28: 4 | C28: MUMMUM-2 400 GM | D28: 344.75 | E28: 0 | F28: 24 | I28: 0 | J28: 22
B29: 5 | C29: SIMYL MCT 200 GM | D29: 208.06 | E29: 18 | F29: 6 | I29: 21 | J29: 22
B30: 6 | C30: SIMYL MCT 400 GM | D30: 399.65 | E30: 2 | F30: 19 | I30: 1 | J30: 11
B31: 7 | C31: SIMYL MCT OIL (HDPE) 100 ML | D31: 228.82 | E31: 26 | F31: 5 | I31: 35 | J31: 47
B32: 8 | C32: SIMYL-LBW 400 GM | D32: 402.71 | E32: 16 | F32: 16 | I32: 9 | J32: 16
B33: 9 | C33: ZEFRICH CHOCOLATE 200 GM | D33: 250.17 | I33: 13 | J33: 32
B34: 10 | C34: ZEFRICH MILK MASALA 200 GM | D34: 250.17 | E34: 3 | F34: 8 | I34: 12 | J34: 36
B35: 11 | C35: ZEFRICH HP M M 200 GM | D35: 228.82
B36: 12 | C36: ZIORAL DROPS 15 ML | D36: 56.38 | E36: 11 | F36: 5 | I36: 10 | J36: 47
B37: 13 | C37: ZIORAL ORAL SYP 100 ML | D37: 70.14 | E37: 28 | F37: 15 | I37: 67 | J37: 84
B38: 14
C39: Total | E39: =SUMPRODUCT($D25:$D38,E25:E38)/100000 -> 0.2083913 | F39: =SUMPRODUCT($D25:$D38,F25:F38)/100000 -> 0.3541551 | G39: =SUMPRODUCT($D25:$D38,G25:G38)/100000 -> 0 | H39: =SUMPRODUCT($D25:$D38,H25:H38)/100000 -> 0 | I39: =SUMPRODUCT($D25:$D38,I25:I38)/100000 -> 0.2791943 | J39: =SUMPRODUCT($D25:$D38,J25:J38)/100000 -> 0.6469992 | K39: =SUMPRODUCT($D25:$D38,K25:K38)/100000 -> 0 | L39: =SUMPRODUCT($D25:$D38,L25:L38)/100000 -> 0 | ... V39: =SUMPRODUCT($D25:$D38,V25:V38)/100000 -> 0 | W39: 0.1321903 | X39: 0.5235915 | Y39: =SUMPRODUCT($D25:$D38,Y25:Y38)/100000 -> 0 | Z39: =SUMPRODUCT($D25:$D38,Z25:Z38)/100000 -> 0 | AA39: =SUMPRODUCT($D25:$D38,AA25:AA38)/100000 -> 0 | AB39: =SUMPRODUCT($D25:$D38,AB25:AB38)/100000 -> 0
B41: CODE | C41: PRODUCT | E41: S.S. | F41: C.S. | G41: S.S. | H41: C.S. | I41: S.S. | J41: C.S. | K41: S.S. | L41: C.S. | M41: S.S. | N41: C.S. | O41: S.S. | P41: C.S. | Q41: S.S. | R41: C.S. | S41: S.S. | T41: C.S. | U41: S.S. | V41: C.S. | W41: S.S. | X41: C.S. | Y41: S.S. | Z41: C.S. | AA41: S.S. | AB41: C.S.
C42: MUMMUM GROUP | E42: =SUMPRODUCT($D$26:$D$27:$D$28,E26:E27:E28)/100000 -> 0.0056746 | F42: =SUMPRODUCT($D$26:$D$27:$D$28,F26:F27:F28)/100000 -> 0.1565098 | G42: =SUMPRODUCT($D$26:$D$27:$D$28,G26:G27:G28)/100000 -> 0 | H42: =SUMPRODUCT($D$26:$D$27:$D$28,H26:H27:H28)/100000 -> 0 | I42: =SUMPRODUCT($D$26:$D$27:$D$28,I26:I27:I28)/100000 -> 0 | J42: =SUMPRODUCT($D$26:$D$27:$D$28,J26:J27:J28)/100000 -> 0.1297537 | K42: =SUMPRODUCT($D$26:$D$27:$D$28,K26:K27:K28)/100000 -> 0 | L42: =SUMPRODUCT($D$26:$D$27:$D$28,L26:L27:L28)/100000 -> 0 | ... V42: =SUMPRODUCT($D$26:$D$27:$D$28,V26:V27:V28)/100000 -> 0 | W42: 0.0028373 | X42: 0.1082757 | Y42: =SUMPRODUCT($D$26:$D$27:$D$28,Y26:Y27:Y28)/100000 -> 0 | Z42: =SUMPRODUCT($D$26:$D$27:$D$28,Z26:Z27:Z28)/100000 -> 0 | AA42: =SUMPRODUCT($D$26:$D$27:$D$28,AA26:AA27:AA28)/100000 -> 0 | AB42: =SUMPRODUCT($D$26:$D$27:$D$28,AB26:AB27:AB28)/100000 -> 0
C43: SIMYL GROUP | E43: =SUMPRODUCT($D$29:$D$30:$D$31:$D$32,E29:E30:E31:E32)/100000 -> 0.1693706 | F43: =SUMPRODUCT($D$29:$D$30:$D$31:$D$32,F29:F30:F31:F32)/100000 -> 0.1642917 | G43: =SUMPRODUCT($D$29:$D$30:$D$31:$D$32,G29:G30:G31:G32)/100000 -> 0 | H43: =SUMPRODUCT($D$29:$D$30:$D$31:$D$32,H29:H30:H31:H32)/100000 -> 0 | I43: =SUMPRODUCT($D$29:$D$30:$D$31:$D$32,I29:I30:I31:I32)/100000 -> 0.16402 | J43: =SUMPRODUCT($D$29:$D$30:$D$31:$D$32,J29:J30:J31:J32)/100000 -> 0.2617137 | K43: =SUMPRODUCT($D$29:$D$30:$D$31:$D$32,K29:K30:K31:K32)/100000 -> 0 | L43: =SUMPRODUCT($D$29:$D$30:$D$31:$D$32,L29:L30:L31:L32)/100000 -> 0 | ... V43: =SUMPRODUCT($D$29:$D$30:$D$31:$D$32,V29:V30:V31:V32)/100000 -> 0 | W43: 0.0966281 | X43: 0.3115799 | Y43: =SUMPRODUCT($D$29:$D$30:$D$31:$D$32,Y29:Y30:Y31:Y32)/100000 -> 0 | Z43: =SUMPRODUCT($D$29:$D$30:$D$31:$D$32,Z29:Z30:Z31:Z32)/100000 -> 0 | AA43: =SUMPRODUCT($D$29:$D$30:$D$31:$D$32,AA29:AA30:AA31:AA32)/100000 -> 0 | AB43: =SUMPRODUCT($D$29:$D$30:$D$31:$D$32,AB29:AB30:AB31:AB32)/100000 -> 0
C44: ZEFRICH GROUP | E44: =SUMPRODUCT($D$33:$D$34:$D$35,E33:E34:E35)/100000 -> 0.0075051 | F44: =SUMPRODUCT($D$33:$D$34:$D$35,F33:F34:F35)/100000 -> 0.0200136 | G44: =SUMPRODUCT($D$33:$D$34:$D$35,G33:G34:G35)/100000 -> 0 | H44: =SUMPRODUCT($D$33:$D$34:$D$35,H33:H34:H35)/100000 -> 0 | I44: =SUMPRODUCT($D$33:$D$34:$D$35,I33:I34:I35)/100000 -> 0.0625425 | J44: =SUMPRODUCT($D$33:$D$34:$D$35,J33:J34:J35)/100000 -> 0.1701156 | K44: =SUMPRODUCT($D$33:$D$34:$D$35,K33:K34:K35)/100000 -> 0 | L44: =SUMPRODUCT($D$33:$D$34:$D$35,L33:L34:L35)/100000 -> 0 | ... V44: =SUMPRODUCT($D$33:$D$34:$D$35,V33:V34:V35)/100000 -> 0 | W44: 0.0125085 | X44: 0.0775527 | Y44: =SUMPRODUCT($D$33:$D$34:$D$35,Y33:Y34:Y35)/100000 -> 0 | Z44: =SUMPRODUCT($D$33:$D$34:$D$35,Z33:Z34:Z35)/100000 -> 0 | AA44: =SUMPRODUCT($D$33:$D$34:$D$35,AA33:AA34:AA35)/100000 -> 0 | AB44: =SUMPRODUCT($D$33:$D$34:$D$35,AB33:AB34:AB35)/100000 -> 0
C45: ZIORAL GROUP | E45: =SUMPRODUCT($D$36:$D$37,E36:E37)/100000 -> 0.025841 | F45: =SUMPRODUCT($D$36:$D$37,F36:F37)/100000 -> 0.01334 | G45: =SUMPRODUCT($D$36:$D$37,G36:G37)/100000 -> 0 | H45: =SUMPRODUCT($D$36:$D$37,H36:H37)/100000 -> 0 | I45: =SUMPRODUCT($D$36:$D$37,I36:I37)/100000 -> 0.0526318 | J45: =SUMPRODUCT($D$36:$D$37,J36:J37)/100000 -> 0.0854162 | K45: =SUMPRODUCT($D$36:$D$37,K36:K37)/100000 -> 0 | L45: =SUMPRODUCT($D$36:$D$37,L36:L37)/100000 -> 0 | ... V45: =SUMPRODUCT($D$36:$D$37,V36:V37)/100000 -> 0 | W45: 0.0202164 | X45: 0.0261832 | Y45: =SUMPRODUCT($D$36:$D$37,Y36:Y37)/100000 -> 0 | Z45: =SUMPRODUCT($D$36:$D$37,Z36:Z37)/100000 -> 0 | AA45: =SUMPRODUCT($D$36:$D$37,AA36:AA37)/100000 -> 0 | AB45: =SUMPRODUCT($D$36:$D$37,AB36:AB37)/100000 -> 0
C46: Total | E46: =SUM(E42:E45) -> 0.2083913 | F46: =SUM(F42:F45) -> 0.3541551 | G46: =SUM(G42:G45) -> 0 | H46: =SUM(H42:H45) -> 0 | I46: =SUM(I42:I45) -> 0.2791943 | J46: =SUM(J42:J45) -> 0.6469992 | K46: =SUM(K42:K45) -> 0 | L46: =SUM(L42:L45) -> 0 | ... AB46: =SUM(AB42:AB45) -> 0
A47: MANISH MEDICAL | B47: 1 | C47: CALYUMM P SUP 200 ML | D47: 92.9 | E47: 0 | F47: 9 | I47: 2 | J47: 7
B48: 2 | C48: MUMMUM-1 200 GM | D48: 154.38 | I48: 0 | J48: 24
B49: 3 | C49: MUMMUM-1 400 GM | D49: 283.73 | E49: 1 | F49: 23 | I49: 4 | J49: 15
B50: 4 | C50: MUMMUM-2 400 GM | D50: 344.75 | E50: 25 | F50: 15 | I50: 5 | J50: 26
B51: 5 | C51: SIMYL MCT 200 GM | D51: 208.06 | E51: 17 | F51: 11 | I51: 26 | J51: 60
B52: 6 | C52: SIMYL MCT 400 GM | D52: 399.65 | E52: 38 | F52: 5 | I52: 43 | J52: 15
B53: 7 | C53: SIMYL MCT OIL (HDPE) 100 ML | D53: 228.82 | E53: 42 | F53: 8 | I53: 40 | J53: 18
B54: 8 | C54: SIMYL-LBW 400 GM | D54: 402.71
B55: 9 | C55: ZEFRICH CHOCOLATE 200 GM | D55: 250.17 | E55: 22 | F55: 12 | I55: 23 | J55: 24
B56: 10 | C56: ZEFRICH MILK MASALA 200 GM | D56: 250.17 | E56: 13 | F56: 12 | I56: 14 | J56: 30
B57: 11 | C57: ZEFRICH HP M M 200 GM | D57: 228.82 | E57: 2 | F57: 9 | I57: 6 | J57: 20
B58: 12 | C58: ZIORAL DROPS 15 ML | D58: 56.38 | I58: 24 | J58: 29
B59: 13 | C59: ZIORAL ORAL SYP 100 ML | D59: 70.14 | E59: 60 | F59: 0 | I59: 44 | J59: 57
B60: 14
C61: Total | E61: =SUMPRODUCT($D47:$D60,E47:E60)/100000 -> 0.5065863 | F61: =SUMPRODUCT($D47:$D60,F47:F60)/100000 -> 0.2671407 | G61: =SUMPRODUCT($D47:$D60,G47:G60)/100000 -> 0 | H61: =SUMPRODUCT($D47:$D60,H47:H60)/100000 -> 0 | I61: =SUMPRODUCT($D47:$D60,I47:I60)/100000 -> 0.4986027 | J61: =SUMPRODUCT($D47:$D60,J47:J60)/100000 -> 0.6389056 | K61: =SUMPRODUCT($D47:$D60,K47:K60)/100000 -> 0 | L61: =SUMPRODUCT($D47:$D60,L47:L60)/100000 -> 0 | ... V61: =SUMPRODUCT($D47:$D60,V47:V60)/100000 -> 0 | W61: 0.4716365 | X61: 0.7553436 | Y61: =SUMPRODUCT($D47:$D60,Y47:Y60)/100000 -> 0 | Z61: =SUMPRODUCT($D47:$D60,Z47:Z60)/100000 -> 0 | AA61: =SUMPRODUCT($D47:$D60,AA47:AA60)/100000 -> 0 | AB61: =SUMPRODUCT($D47:$D60,AB47:AB60)/100000 -> 0
B63: CODE | C63: PRODUCT | E63: S.S. | F63: C.S. | G63: S.S. | H63: C.S. | I63: S.S. | J63: C.S. | K63: S.S. | L63: C.S. | M63: S.S. | N63: C.S. | O63: S.S. | P63: C.S. | Q63: S.S. | R63: C.S. | S63: S.S. | T63: C.S. | U63: S.S. | V63: C.S. | W63: S.S. | X63: C.S. | Y63: S.S. | Z63: C.S. | AA63: S.S. | AB63: C.S.
C64: MUMMUM GROUP | E64: =SUMPRODUCT($D$48:$D$49:$D$50,E48:E49:E50)/100000 -> 0.0890248 | F64: =SUMPRODUCT($D$48:$D$49:$D$50,F48:F49:F50)/100000 -> 0.1169704 | G64: =SUMPRODUCT($D$48:$D$49:$D$50,G48:G49:G50)/100000 -> 0 | H64: =SUMPRODUCT($D$48:$D$49:$D$50,H48:H49:H50)/100000 -> 0 | I64: =SUMPRODUCT($D$48:$D$49:$D$50,I48:I49:I50)/100000 -> 0.0285867 | J64: =SUMPRODUCT($D$48:$D$49:$D$50,J48:J49:J50)/100000 -> 0.1692457 | K64: =SUMPRODUCT($D$48:$D$49:$D$50,K48:K49:K50)/100000 -> 0 | L64: =SUMPRODUCT($D$48:$D$49:$D$50,L48:L49:L50)/100000 -> 0 | ... V64: =SUMPRODUCT($D$48:$D$49:$D$50,V48:V49:V50)/100000 -> 0 | W64: 0.1064142 | X64: 0.1723132 | Y64: =SUMPRODUCT($D$48:$D$49:$D$50,Y48:Y49:Y50)/100000 -> 0 | Z64: =SUMPRODUCT($D$48:$D$49:$D$50,Z48:Z49:Z50)/100000 -> 0 | AA64: =SUMPRODUCT($D$48:$D$49:$D$50,AA48:AA49:AA50)/100000 -> 0 | AB64: =SUMPRODUCT($D$48:$D$49:$D$50,AB48:AB49:AB50)/100000 -> 0
C65: SIMYL GROUP | E65: =SUMPRODUCT($D$51:$D$52:$D$53:$D$54,E51:E52:E53:E54)/100000 -> 0.2833416 | F65: =SUMPRODUCT($D$51:$D$52:$D$53:$D$54,F51:F52:F53:F54)/100000 -> 0.0611747 | G65: =SUMPRODUCT($D$51:$D$52:$D$53:$D$54,G51:G52:G53:G54)/100000 -> 0 | H65: =SUMPRODUCT($D$51:$D$52:$D$53:$D$54,H51:H52:H53:H54)/100000 -> 0 | I65: =SUMPRODUCT($D$51:$D$52:$D$53:$D$54,I51:I52:I53:I54)/100000 -> 0.3174731 | J65: =SUMPRODUCT($D$51:$D$52:$D$53:$D$54,J51:J52:J53:J54)/100000 -> 0.2259711 | K65: =SUMPRODUCT($D$51:$D$52:$D$53:$D$54,K51:K52:K53:K54)/100000 -> 0 | L65: =SUMPRODUCT($D$51:$D$52:$D$53:$D$54,L51:L52:L53:L54)/100000 -> 0 | ... V65: =SUMPRODUCT($D$51:$D$52:$D$53:$D$54,V51:V52:V53:V54)/100000 -> 0 | W65: 0.2330211 | X65: 0.3447844 | Y65: =SUMPRODUCT($D$51:$D$52:$D$53:$D$54,Y51:Y52:Y53:Y54)/100000 -> 0 | Z65: =SUMPRODUCT($D$51:$D$52:$D$53:$D$54,Z51:Z52:Z53:Z54)/100000 -> 0 | AA65: =SUMPRODUCT($D$51:$D$52:$D$53:$D$54,AA51:AA52:AA53:AA54)/100000 -> 0 | AB65: =SUMPRODUCT($D$51:$D$52:$D$53:$D$54,AB51:AB52:AB53:AB54)/100000 -> 0
C66: ZEFRICH GROUP | E66: =SUMPRODUCT($D$55:$D$56:$D$57,E55:E56:E57)/100000 -> 0.0921359 | F66: =SUMPRODUCT($D$55:$D$56:$D$57,F55:F56:F57)/100000 -> 0.0806346 | G66: =SUMPRODUCT($D$55:$D$56:$D$57,G55:G56:G57)/100000 -> 0 | H66: =SUMPRODUCT($D$55:$D$56:$D$57,H55:H56:H57)/100000 -> 0 | I66: =SUMPRODUCT($D$55:$D$56:$D$57,I55:I56:I57)/100000 -> 0.1062921 | J66: =SUMPRODUCT($D$55:$D$56:$D$57,J55:J56:J57)/100000 -> 0.1808558 | K66: =SUMPRODUCT($D$55:$D$56:$D$57,K55:K56:K57)/100000 -> 0 | L66: =SUMPRODUCT($D$55:$D$56:$D$57,L55:L56:L57)/100000 -> 0 | ... V66: =SUMPRODUCT($D$55:$D$56:$D$57,V55:V56:V57)/100000 -> 0 | W66: 0.07377 | X66: 0.1646852 | Y66: =SUMPRODUCT($D$55:$D$56:$D$57,Y55:Y56:Y57)/100000 -> 0 | Z66: =SUMPRODUCT($D$55:$D$56:$D$57,Z55:Z56:Z57)/100000 -> 0 | AA66: =SUMPRODUCT($D$55:$D$56:$D$57,AA55:AA56:AA57)/100000 -> 0 | AB66: =SUMPRODUCT($D$55:$D$56:$D$57,AB55:AB56:AB57)/100000 -> 0
C67: ZIORAL GROUP | E67: =SUMPRODUCT($D$58:$D$59,E58:E59)/100000 -> 0.042084 | F67: =SUMPRODUCT($D$58:$D$59,F58:F59)/100000 -> 0 | G67: =SUMPRODUCT($D$58:$D$59,G58:G59)/100000 -> 0 | H67: =SUMPRODUCT($D$58:$D$59,H58:H59)/100000 -> 0 | I67: =SUMPRODUCT($D$58:$D$59,I58:I59)/100000 -> 0.0443928 | J67: =SUMPRODUCT($D$58:$D$59,J58:J59)/100000 -> 0.05633 | K67: =SUMPRODUCT($D$58:$D$59,K58:K59)/100000 -> 0 | L67: =SUMPRODUCT($D$58:$D$59,L58:L59)/100000 -> 0 | ... V67: =SUMPRODUCT($D$58:$D$59,V58:V59)/100000 -> 0 | W67: 0.0537862 | X67: 0.0651998 | Y67: =SUMPRODUCT($D$58:$D$59,Y58:Y59)/100000 -> 0 | Z67: =SUMPRODUCT($D$58:$D$59,Z58:Z59)/100000 -> 0 | AA67: =SUMPRODUCT($D$58:$D$59,AA58:AA59)/100000 -> 0 | AB67: =SUMPRODUCT($D$58:$D$59,AB58:AB59)/100000 -> 0
C68: Total | E68: =SUM(E64:E67) -> 0.5065863 | F68: =SUM(F64:F67) -> 0.2587797 | G68: =SUM(G64:G67) -> 0 | H68: =SUM(H64:H67) -> 0 | I68: =SUM(I64:I67) -> 0.4967447 | J68: =SUM(J64:J67) -> 0.6324026 | K68: =SUM(K64:K67) -> 0 | L68: =SUM(L64:L67) -> 0 | ... AB68: =SUM(AB64:AB67) -> 0
A69: BELA | B69: 1 | C69: CALYUMM P SUP 200 ML | D69: 92.9
B70: 2 | C70: MUMMUM-1 200 GM | D70: 154.38
B71: 3 | C71: MUMMUM-1 400 GM | D71: 283.73 | E71: 12 | F71: 34 | I71: 0 | J71: 25
B72: 4 | C72: MUMMUM-2 400 GM | D72: 344.75 | E72: 33 | F72: 39 | I72: 5 | J72: 21
B73: 5 | C73: SIMYL MCT 200 GM | D73: 208.06 | E73: 36 | F73: 32 | I73: 41 | J73: 17
B74: 6 | C74: SIMYL MCT 400 GM | D74: 399.65 | E74: 54 | F74: 25 | I74: 31 | J74: 28
B75: 7 | C75: SIMYL MCT OIL (HDPE) 100 ML | D75: 228.82 | E75: 33 | F75: 39 | I75: 32 | J75: 0
B76: 8 | C76: SIMYL-LBW 400 GM | D76: 402.71 | E76: 1 | F76: 31
B77: 9 | C77: ZEFRICH CHOCOLATE 200 GM | D77: 250.17 | E77: 5 | F77: 8 | I77: 7
B78: 10 | C78: ZEFRICH MILK MASALA 200 GM | D78: 250.17 | E78: 3 | F78: 10
B79: 11 | C79: ZEFRICH HP M M 200 GM | D79: 228.82
B80: 12 | C80: ZIORAL DROPS 15 ML | D80: 56.38 | E80: 12 | I80: 10 | J80: 14
B81: 13 | C81: ZIORAL ORAL SYP 100 ML | D81: 70.14 | E81: 51 | F81: 41 | I81: 11 | J81: 69
B82: 14
C83: Total | E83: =SUMPRODUCT($D69:$D82,E69:E82)/100000 -> 0.580616 | F83: =SUMPRODUCT($D69:$D82,F69:F82)/100000 -> 0.6852803 | G83: =SUMPRODUCT($D69:$D82,G69:G82)/100000 -> 0 | H83: =SUMPRODUCT($D69:$D82,H69:H82)/100000 -> 0 | I83: =SUMPRODUCT($D69:$D82,I69:I82)/100000 -> 0.3305213 | J83: =SUMPRODUCT($D69:$D82,J69:J82)/100000 -> 0.346892 | K83: =SUMPRODUCT($D69:$D82,K69:K82)/100000 -> 0 | L83: =SUMPRODUCT($D69:$D82,L69:L82)/100000 -> 0 | ... V83: =SUMPRODUCT($D69:$D82,V69:V82)/100000 -> 0 | W83: 0.3532674 | X83: 0.6641149 | Y83: =SUMPRODUCT($D69:$D82,Y69:Y82)/100000 -> 0 | Z83: =SUMPRODUCT($D69:$D82,Z69:Z82)/100000 -> 0 | AA83: =SUMPRODUCT($D69:$D82,AA69:AA82)/100000 -> 0 | AB83: =SUMPRODUCT($D69:$D82,AB69:AB82)/100000 -> 0
B85: CODE | C85: PRODUCT | E85: S.S. | F85: C.S. | G85: S.S. | H85: C.S. | I85: S.S. | J85: C.S. | K85: S.S. | L85: C.S. | M85: S.S. | N85: C.S. | O85: S.S. | P85: C.S. | Q85: S.S. | R85: C.S. | S85: S.S. | T85: C.S. | U85: S.S. | V85: C.S. | W85: S.S. | X85: C.S. | Y85: S.S. | Z85: C.S. | AA85: S.S. | AB85: C.S.
C86: MUMMUM GROUP | E86: =SUMPRODUCT($D$70:$D$71:$D$72,E70:E71:E72)/100000 -> 0.1478151 | F86: =SUMPRODUCT($D$70:$D$71:$D$72,F70:F71:F72)/100000 -> 0.2309207 | G86: =SUMPRODUCT($D$70:$D$71:$D$72,G70:G71:G72)/100000 -> 0 | H86: =SUMPRODUCT($D$70:$D$71:$D$72,H70:H71:H72)/100000 -> 0 | I86: =SUMPRODUCT($D$70:$D$71:$D$72,I70:I71:I72)/100000 -> 0.0172375 | J86: =SUMPRODUCT($D$70:$D$71:$D$72,J70:J71:J72)/100000 -> 0.14333 | K86: =SUMPRODUCT($D$70:$D$71:$D$72,K70:K71:K72)/100000 -> 0 | L86: =SUMPRODUCT($D$70:$D$71:$D$72,L70:L71:L72)/100000 -> 0 | ... V86: =SUMPRODUCT($D$70:$D$71:$D$72,V70:V71:V72)/100000 -> 0 | W86: 0.0547326 | X86: 0.1421096 | Y86: =SUMPRODUCT($D$70:$D$71:$D$72,Y70:Y71:Y72)/100000 -> 0 | Z86: =SUMPRODUCT($D$70:$D$71:$D$72,Z70:Z71:Z72)/100000 -> 0 | AA86: =SUMPRODUCT($D$70:$D$71:$D$72,AA70:AA71:AA72)/100000 -> 0 | AB86: =SUMPRODUCT($D$70:$D$71:$D$72,AB70:AB71:AB72)/100000 -> 0
C87: SIMYL GROUP | E87: =SUMPRODUCT($D$73:$D$74:$D$75:$D$76,E73:E74:E75:E76)/100000 -> 0.3702503 | F87: =SUMPRODUCT($D$73:$D$74:$D$75:$D$76,F73:F74:F75:F76)/100000 -> 0.3805716 | G87: =SUMPRODUCT($D$73:$D$74:$D$75:$D$76,G73:G74:G75:G76)/100000 -> 0 | H87: =SUMPRODUCT($D$73:$D$74:$D$75:$D$76,H73:H74:H75:H76)/100000 -> 0 | I87: =SUMPRODUCT($D$73:$D$74:$D$75:$D$76,I73:I74:I75:I76)/100000 -> 0.2824185 | J87: =SUMPRODUCT($D$73:$D$74:$D$75:$D$76,J73:J74:J75:J76)/100000 -> 0.1472722 | K87: =SUMPRODUCT($D$73:$D$74:$D$75:$D$76,K73:K74:K75:K76)/100000 -> 0 | L87: =SUMPRODUCT($D$73:$D$74:$D$75:$D$76,L73:L74:L75:L76)/100000 -> 0 | ... V87: =SUMPRODUCT($D$73:$D$74:$D$75:$D$76,V73:V74:V75:V76)/100000 -> 0 | W87: 0.2858962 | X87: 0.3805279 | Y87: =SUMPRODUCT($D$73:$D$74:$D$75:$D$76,Y73:Y74:Y75:Y76)/100000 -> 0 | Z87: =SUMPRODUCT($D$73:$D$74:$D$75:$D$76,Z73:Z74:Z75:Z76)/100000 -> 0 | AA87: =SUMPRODUCT($D$73:$D$74:$D$75:$D$76,AA73:AA74:AA75:AA76)/100000 -> 0 | AB87: =SUMPRODUCT($D$73:$D$74:$D$75:$D$76,AB73:AB74:AB75:AB76)/100000 -> 0
C88: ZEFRICH GROUP | E88: =SUMPRODUCT($D$77:$D$78:$D$79,E77:E78:E79)/100000 -> 0.0200136 | F88: =SUMPRODUCT($D$77:$D$78:$D$79,F77:F78:F79)/100000 -> 0.0450306 | G88: =SUMPRODUCT($D$77:$D$78:$D$79,G77:G78:G79)/100000 -> 0 | H88: =SUMPRODUCT($D$77:$D$78:$D$79,H77:H78:H79)/100000 -> 0 | I88: =SUMPRODUCT($D$77:$D$78:$D$79,I77:I78:I79)/100000 -> 0.0175119 | J88: =SUMPRODUCT($D$77:$D$78:$D$79,J77:J78:J79)/100000 -> 0 | K88: =SUMPRODUCT($D$77:$D$78:$D$79,K77:K78:K79)/100000 -> 0 | L88: =SUMPRODUCT($D$77:$D$78:$D$79,L77:L78:L79)/100000 -> 0 | ... V88: =SUMPRODUCT($D$77:$D$78:$D$79,V77:V78:V79)/100000 -> 0 | W88: 0 | X88: 0.100068 | Y88: =SUMPRODUCT($D$77:$D$78:$D$79,Y77:Y78:Y79)/100000 -> 0 | Z88: =SUMPRODUCT($D$77:$D$78:$D$79,Z77:Z78:Z79)/100000 -> 0 | AA88: =SUMPRODUCT($D$77:$D$78:$D$79,AA77:AA78:AA79)/100000 -> 0 | AB88: =SUMPRODUCT($D$77:$D$78:$D$79,AB77:AB78:AB79)/100000 -> 0
C89: ZIORAL GROUP | E89: =SUMPRODUCT($D$80:$D$81,E80:E81)/100000 -> 0.042537 | F89: =SUMPRODUCT($D$80:$D$81,F80:F81)/100000 -> 0.0287574 | G89: =SUMPRODUCT($D$80:$D$81,G80:G81)/100000 -> 0 | H89: =SUMPRODUCT($D$80:$D$81,H80:H81)/100000 -> 0 | I89: =SUMPRODUCT($D$80:$D$81,I80:I81)/100000 -> 0.0133534 | J89: =SUMPRODUCT($D$80:$D$81,J80:J81)/100000 -> 0.0562898 | K89: =SUMPRODUCT($D$80:$D$81,K80:K81)/100000 -> 0 | L89: =SUMPRODUCT($D$80:$D$81,L80:L81)/100000 -> 0 | ... V89: =SUMPRODUCT($D$80:$D$81,V80:V81)/100000 -> 0 | W89: 0.0126386 | X89: 0.0414094 | Y89: =SUMPRODUCT($D$80:$D$81,Y80:Y81)/100000 -> 0 | Z89: =SUMPRODUCT($D$80:$D$81,Z80:Z81)/100000 -> 0 | AA89: =SUMPRODUCT($D$80:$D$81,AA80:AA81)/100000 -> 0 | AB89: =SUMPRODUCT($D$80:$D$81,AB80:AB81)/100000 -> 0
C90: Total | E90: =SUM(E86:E89) -> 0.580616 | F90: =SUM(F86:F89) -> 0.6852803 | G90: =SUM(G86:G89) -> 0 | H90: =SUM(H86:H89) -> 0 | I90: =SUM(I86:I89) -> 0.3305213 | J90: =SUM(J86:J89) -> 0.346892 | K90: =SUM(K86:K89) -> 0 | L90: =SUM(L86:L89) -> 0 | ... AB90: =SUM(AB86:AB89) -> 0
A91: SHAH & KOTHARI | B91: 1 | C91: CALYUMM P SUP 200 ML | D91: 92.9
B92: 2 | C92: MUMMUM-1 200 GM | D92: 154.38
B93: 3 | C93: MUMMUM-1 400 GM | D93: 283.73
B94: 4 | C94: MUMMUM-2 400 GM | D94: 344.75
B95: 5 | C95: SIMYL MCT 200 GM | D95: 208.06 | E95: 0 | F95: 18 | I95: 3 | J95: 31 | K95: 1 | L95: 30
B96: 6 | C96: SIMYL MCT 400 GM | D96: 399.65
B97: 7 | C97: SIMYL MCT OIL (HDPE) 100 ML | D97: 228.82 | E97: 10 | F97: 9 | I97: 2 | J97: 27 | K97: 2 | L97: 25
B98: 8 | C98: SIMYL-LBW 400 GM | D98: 402.71
B99: 9 | C99: ZEFRICH CHOCOLATE 200 GM | D99: 250.17
B100: 10 | C100: ZEFRICH MILK MASALA 200 GM | D100: 250.17
B101: 11 | C101: ZEFRICH HP M M 200 GM | D101: 228.82
B102: 12 | C102: ZIORAL DROPS 15 ML | D102: 56.38 | E102: 0 | F102: 40 | I102: 38 | J102: 6 | K102: 3 | L102: 43
B103: 13 | C103: ZIORAL ORAL SYP 100 ML | D103: 70.14 | E103: 0 | F103: 40 | I103: 18 | J103: 22 | K103: 12 | L103: 10
B104: 14
...

Sheet MEHSANA
A1: 2026_27 | C1: ANSHUL - MEHSANA | E1: APR'26 | G1: MAY'26 | I1: JUN'26 | K1: JUL'26 | M1: AUG'26 | O1: SEP'26 | Q1: OCT'26 | S1: NOV'26 | U1: DEC'26 | W1: JAN'26 | Y1: FEB'26 | AA1: MAR'26
B2: S.No | C2: PRODUCT | D2: PTS | E2: S.S. | F2: C.S. | G2: S.S. | H2: C.S. | I2: S.S. | J2: C.S. | K2: S.S. | L2: C.S. | M2: S.S. | N2: C.S. | O2: S.S. | P2: C.S. | Q2: S.S. | R2: C.S. | S2: S.S. | T2: C.S. | U2: S.S. | V2: C.S. | W2: S.S. | X2: C.S. | Y2: S.S. | Z2: C.S. | AA2: S.S. | AB2: C.S.
A3: TOTAL | B3: 1 | C3: CALYUMM P SUP 200 ML | D3: 92.9 | E3: =E25+E47+E69+E91+E113+E135+E157+E179+E201+E223 -> 6 | F3: =F25+F47+F69+F91+F113+F135+F157+F179+F201+F223 -> 30 | G3: =G25+G47+G69+G91+G113+G135+G157+G179+G201+G223 -> 0 | H3: =H25+H47+H69+H91+H113+H135+H157+H179+H201+H223 -> 0 | I3: =I25+I47+I69+I91+I113+I135+I157+I179+I201+I223 -> 6 | J3: =J25+J47+J69+J91+J113+J135+J157+J179+J201+J223 -> 23 | K3: =K25+K47+K69+K91+K113+K135+K157+K179+K201+K223 -> 0 | L3: =L25+L47+L69+L91+L113+L135+L157+L179+L201+L223 -> 0 | ... AB3: =AB25+AB47+AB69+AB91+AB113+AB135+AB157+AB179+AB201+AB223 -> 0
B4: 2 | C4: MUMMUM-1 200 GM | D4: 154.38 | E4: =E26+E48+E70+E92+E114+E136+E158+E180+E202+E224 -> 29 | F4: =F26+F48+F70+F92+F114+F136+F158+F180+F202+F224 -> 60 | G4: =G26+G48+G70+G92+G114+G136+G158+G180+G202+G224 -> 0 | H4: =H26+H48+H70+H92+H114+H136+H158+H180+H202+H224 -> 0 | I4: =I26+I48+I70+I92+I114+I136+I158+I180+I202+I224 -> 36 | J4: =J26+J48+J70+J92+J114+J136+J158+J180+J202+J224 -> 103 | K4: =K26+K48+K70+K92+K114+K136+K158+K180+K202+K224 -> 0 | L4: =L26+L48+L70+L92+L114+L136+L158+L180+L202+L224 -> 0 | ... AB4: =AB26+AB48+AB70+AB92+AB114+AB136+AB158+AB180+AB202+AB224 -> 0
B5: 3 | C5: MUMMUM-1 400 GM | D5: 283.73 | E5: =E27+E49+E71+E93+E115+E137+E159+E181+E203+E225 -> 38 | F5: =F27+F49+F71+F93+F115+F137+F159+F181+F203+F225 -> 95 | G5: =G27+G49+G71+G93+G115+G137+G159+G181+G203+G225 -> 0 | H5: =H27+H49+H71+H93+H115+H137+H159+H181+H203+H225 -> 0 | I5: =I27+I49+I71+I93+I115+I137+I159+I181+I203+I225 -> 34 | J5: =J27+J49+J71+J93+J115+J137+J159+J181+J203+J225 -> 75 | K5: =K27+K49+K71+K93+K115+K137+K159+K181+K203+K225 -> 0 | L5: =L27+L49+L71+L93+L115+L137+L159+L181+L203+L225 -> 0 | ... AB5: =AB27+AB49+AB71+AB93+AB115+AB137+AB159+AB181+AB203+AB225 -> 0
B6: 4 | C6: MUMMUM-2 400 GM | D6: 344.75 | E6: =E28+E50+E72+E94+E116+E138+E160+E182+E204+E226 -> 0 | F6: =F28+F50+F72+F94+F116+F138+F160+F182+F204+F226 -> 8 | G6: =G28+G50+G72+G94+G116+G138+G160+G182+G204+G226 -> 0 | H6: =H28+H50+H72+H94+H116+H138+H160+H182+H204+H226 -> 0 | I6: =I28+I50+I72+I94+I116+I138+I160+I182+I204+I226 -> 0 | J6: =J28+J50+J72+J94+J116+J138+J160+J182+J204+J226 -> 8 | K6: =K28+K50+K72+K94+K116+K138+K160+K182+K204+K226 -> 0 | L6: =L28+L50+L72+L94+L116+L138+L160+L182+L204+L226 -> 0 | ... AB6: =AB28+AB50+AB72+AB94+AB116+AB138+AB160+AB182+AB204+AB226 -> 0
B7: 5 | C7: SIMYL MCT 200 GM | D7: 208.06 | E7: =E29+E51+E73+E95+E117+E139+E161+E183+E205+E227 -> 286 | F7: =F29+F51+F73+F95+F117+F139+F161+F183+F205+F227 -> 175 | G7: =G29+G51+G73+G95+G117+G139+G161+G183+G205+G227 -> 0 | H7: =H29+H51+H73+H95+H117+H139+H161+H183+H205+H227 -> 0 | I7: =I29+I51+I73+I95+I117+I139+I161+I183+I205+I227 -> 210 | J7: =J29+J51+J73+J95+J117+J139+J161+J183+J205+J227 -> 232 | K7: =K29+K51+K73+K95+K117+K139+K161+K183+K205+K227 -> 0 | L7: =L29+L51+L73+L95+L117+L139+L161+L183+L205+L227 -> 0 | ... AB7: =AB29+AB51+AB73+AB95+AB117+AB139+AB161+AB183+AB205+AB227 -> 0
B8: 6 | C8: SIMYL MCT 400 GM | D8: 399.65 | E8: =E30+E52+E74+E96+E118+E140+E162+E184+E206+E228 -> 116 | F8: =F30+F52+F74+F96+F118+F140+F162+F184+F206+F228 -> 89 | G8: =G30+G52+G74+G96+G118+G140+G162+G184+G206+G228 -> 0 | H8: =H30+H52+H74+H96+H118+H140+H162+H184+H206+H228 -> 0 | I8: =I30+I52+I74+I96+I118+I140+I162+I184+I206+I228 -> 22 | J8: =J30+J52+J74+J96+J118+J140+J162+J184+J206+J228 -> 112 | K8: =K30+K52+K74+K96+K118+K140+K162+K184+K206+K228 -> 0 | L8: =L30+L52+L74+L96+L118+L140+L162+L184+L206+L228 -> 0 | ... AB8: =AB30+AB52+AB74+AB96+AB118+AB140+AB162+AB184+AB206+AB228 -> 0
B9: 7 | C9: SIMYL MCT OIL (HDPE) 100 ML | D9: 228.82 | E9: =E31+E53+E75+E97+E119+E141+E163+E185+E207+E229 -> 299 | F9: =F31+F53+F75+F97+F119+F141+F163+F185+F207+F229 -> 234 | G9: =G31+G53+G75+G97+G119+G141+G163+G185+G207+G229 -> 0 | H9: =H31+H53+H75+H97+H119+H141+H163+H185+H207+H229 -> 0 | I9: =I31+I53+I75+I97+I119+I141+I163+I185+I207+I229 -> 224 | J9: =J31+J53+J75+J97+J119+J141+J163+J185+J207+J229 -> 238 | K9: =K31+K53+K75+K97+K119+K141+K163+K185+K207+K229 -> 0 | L9: =L31+L53+L75+L97+L119+L141+L163+L185+L207+L229 -> 0 | ... AB9: =AB31+AB53+AB75+AB97+AB119+AB141+AB163+AB185+AB207+AB229 -> 0
B10: 8 | C10: SIMYL-LBW 400 GM | D10: 402.71 | E10: =E32+E54+E76+E98+E120+E142+E164+E186+E208+E230 -> 21 | F10: =F32+F54+F76+F98+F120+F142+F164+F186+F208+F230 -> 57 | G10: =G32+G54+G76+G98+G120+G142+G164+G186+G208+G230 -> 0 | H10: =H32+H54+H76+H98+H120+H142+H164+H186+H208+H230 -> 0 | I10: =I32+I54+I76+I98+I120+I142+I164+I186+I208+I230 -> 17 | J10: =J32+J54+J76+J98+J120+J142+J164+J186+J208+J230 -> 35 | K10: =K32+K54+K76+K98+K120+K142+K164+K186+K208+K230 -> 0 | L10: =L32+L54+L76+L98+L120+L142+L164+L186+L208+L230 -> 0 | ... AB10: =AB32+AB54+AB76+AB98+AB120+AB142+AB164+AB186+AB208+AB230 -> 0
B11: 9 | C11: ZEFRICH CHOCOLATE 200 GM | D11: 250.17 | E11: =E33+E55+E77+E99+E121+E143+E165+E187+E209+E231 -> 27 | F11: =F33+F55+F77+F99+F121+F143+F165+F187+F209+F231 -> 61 | G11: =G33+G55+G77+G99+G121+G143+G165+G187+G209+G231 -> 0 | H11: =H33+H55+H77+H99+H121+H143+H165+H187+H209+H231 -> 0 | I11: =I33+I55+I77+I99+I121+I143+I165+I187+I209+I231 -> 6 | J11: =J33+J55+J77+J99+J121+J143+J165+J187+J209+J231 -> 57 | K11: =K33+K55+K77+K99+K121+K143+K165+K187+K209+K231 -> 0 | L11: =L33+L55+L77+L99+L121+L143+L165+L187+L209+L231 -> 0 | ... AB11: =AB33+AB55+AB77+AB99+AB121+AB143+AB165+AB187+AB209+AB231 -> 0
B12: 10 | C12: ZEFRICH MILK MASALA 200 GM | D12: 250.17 | E12: =E34+E56+E78+E100+E122+E144+E166+E188+E210+E232 -> 12 | F12: =F34+F56+F78+F100+F122+F144+F166+F188+F210+F232 -> 75 | G12: =G34+G56+G78+G100+G122+G144+G166+G188+G210+G232 -> 0 | H12: =H34+H56+H78+H100+H122+H144+H166+H188+H210+H232 -> 0 | I12: =I34+I56+I78+I100+I122+I144+I166+I188+I210+I232 -> 25 | J12: =J34+J56+J78+J100+J122+J144+J166+J188+J210+J232 -> 74 | K12: =K34+K56+K78+K100+K122+K144+K166+K188+K210+K232 -> 0 | L12: =L34+L56+L78+L100+L122+L144+L166+L188+L210+L232 -> 0 | ... AB12: =AB34+AB56+AB78+AB100+AB122+AB144+AB166+AB188+AB210+AB232 -> 0
B13: 11 | C13: ZEFRICH HP M M 200 GM | D13: 228.82 | E13: =E35+E57+E79+E101+E123+E145+E167+E189+E211+E233 -> 3 | F13: =F35+F57+F79+F101+F123+F145+F167+F189+F211+F233 -> 19 | G13: =G35+G57+G79+G101+G123+G145+G167+G189+G211+G233 -> 0 | H13: =H35+H57+H79+H101+H123+H145+H167+H189+H211+H233 -> 0 | I13: =I35+I57+I79+I101+I123+I145+I167+I189+I211+I233 -> 7 | J13: =J35+J57+J79+J101+J123+J145+J167+J189+J211+J233 -> 20 | K13: =K35+K57+K79+K101+K123+K145+K167+K189+K211+K233 -> 0 | L13: =L35+L57+L79+L101+L123+L145+L167+L189+L211+L233 -> 0 | ... AB13: =AB35+AB57+AB79+AB101+AB123+AB145+AB167+AB189+AB211+AB233 -> 0
B14: 12 | C14: ZIORAL DROPS 15 ML | D14: 56.38 | E14: =E36+E58+E80+E102+E124+E146+E168+E190+E212+E234 -> 338 | F14: =F36+F58+F80+F102+F124+F146+F168+F190+F212+F234 -> 403 | G14: =G36+G58+G80+G102+G124+G146+G168+G190+G212+G234 -> 0 | H14: =H36+H58+H80+H102+H124+H146+H168+H190+H212+H234 -> 0 | I14: =I36+I58+I80+I102+I124+I146+I168+I190+I212+I234 -> 417 | J14: =J36+J58+J80+J102+J124+J146+J168+J190+J212+J234 -> 438 | K14: =K36+K58+K80+K102+K124+K146+K168+K190+K212+K234 -> 0 | L14: =L36+L58+L80+L102+L124+L146+L168+L190+L212+L234 -> 0 | ... AB14: =AB36+AB58+AB80+AB102+AB124+AB146+AB168+AB190+AB212+AB234 -> 0
B15: 13 | C15: ZIORAL ORAL SYP 100 ML | D15: 70.14 | E15: =E37+E59+E81+E103+E125+E147+E169+E191+E213+E235 -> 92 | F15: =F37+F59+F81+F103+F125+F147+F169+F191+F213+F235 -> 219 | G15: =G37+G59+G81+G103+G125+G147+G169+G191+G213+G235 -> 0 | H15: =H37+H59+H81+H103+H125+H147+H169+H191+H213+H235 -> 0 | I15: =I37+I59+I81+I103+I125+I147+I169+I191+I213+I235 -> 42 | J15: =J37+J59+J81+J103+J125+J147+J169+J191+J213+J235 -> 146 | K15: =K37+K59+K81+K103+K125+K147+K169+K191+K213+K235 -> 0 | L15: =L37+L59+L81+L103+L125+L147+L169+L191+L213+L235 -> 0 | ... AB15: =AB37+AB59+AB81+AB103+AB125+AB147+AB169+AB191+AB213+AB235 -> 0
B16: 14 | E16: =E38+E60+E82+E104+E126+E148+E170+E192+E214+E236 -> 0 | F16: =F38+F60+F82+F104+F126+F148+F170+F192+F214+F236 -> 0 | G16: =G38+G60+G82+G104+G126+G148+G170+G192+G214+G236 -> 0 | H16: =H38+H60+H82+H104+H126+H148+H170+H192+H214+H236 -> 0 | I16: =I38+I60+I82+I104+I126+I148+I170+I192+I214+I236 -> 0 | J16: =J38+J60+J82+J104+J126+J148+J170+J192+J214+J236 -> 0 | K16: =K38+K60+K82+K104+K126+K148+K170+K192+K214+K236 -> 0 | L16: =L38+L60+L82+L104+L126+L148+L170+L192+L214+L236 -> 0 | ... AB16: =AB38+AB60+AB82+AB104+AB126+AB148+AB170+AB192+AB214+AB236 -> 0
C17: Total | E17: =SUMPRODUCT($D3:$D16,E3:E16)/100000 -> 2.3450722 | F17: =SUMPRODUCT($D3:$D16,F3:F16)/100000 -> 2.6669235 | G17: =SUMPRODUCT($D3:$D16,G3:G16)/100000 -> 0 | H17: =SUMPRODUCT($D3:$D16,H3:H16)/100000 -> 0 | I17: =SUMPRODUCT($D3:$D16,I3:I16)/100000 -> 1.621619 | J17: =SUMPRODUCT($D3:$D16,J3:J16)/100000 -> 2.7594387 | K17: =SUMPRODUCT($D3:$D16,K3:K16)/100000 -> 0 | L17: =SUMPRODUCT($D3:$D16,L3:L16)/100000 -> 0 | ... AB17: =SUMPRODUCT($D3:$D16,AB3:AB16)/100000 -> 0
B19: CODE | C19: PRODUCT | E19: S.S. | F19: C.S. | G19: S.S. | H19: C.S. | I19: S.S. | J19: C.S. | K19: S.S. | L19: C.S. | M19: S.S. | N19: C.S. | O19: S.S. | P19: C.S. | Q19: S.S. | R19: C.S. | S19: S.S. | T19: C.S. | U19: S.S. | V19: C.S. | W19: S.S. | X19: C.S. | Y19: S.S. | Z19: C.S. | AA19: S.S. | AB19: C.S.
C20: MUMMUM GROUP | E20: =SUMPRODUCT($D$2:$D$3:$D$4,E2:E3:E4)/100000 -> 0.0503442 | F20: =SUMPRODUCT($D$2:$D$3:$D$4,F2:F3:F4)/100000 -> 0.120498 | G20: =SUMPRODUCT($D$2:$D$3:$D$4,G2:G3:G4)/100000 -> 0 | H20: =SUMPRODUCT($D$2:$D$3:$D$4,H2:H3:H4)/100000 -> 0 | I20: =SUMPRODUCT($D$2:$D$3:$D$4,I2:I3:I4)/100000 -> 0.0611508 | J20: =SUMPRODUCT($D$2:$D$3:$D$4,J2:J3:J4)/100000 -> 0.1803784 | K20: =SUMPRODUCT($D$2:$D$3:$D$4,K2:K3:K4)/100000 -> 0 | L20: =SUMPRODUCT($D$2:$D$3:$D$4,L2:L3:L4)/100000 -> 0 | ... AB20: =SUMPRODUCT($D$2:$D$3:$D$4,AB2:AB3:AB4)/100000 -> 0
C21: SIMYL GROUP | E21: =SUMPRODUCT($D$5:$D$6:$D$7:$D$8,E5:E6:E7:E8)/100000 -> 1.166463 | F21: =SUMPRODUCT($D$5:$D$6:$D$7:$D$8,F5:F6:F7:F8)/100000 -> 1.016917 | G21: =SUMPRODUCT($D$5:$D$6:$D$7:$D$8,G5:G6:G7:G8)/100000 -> 0 | H21: =SUMPRODUCT($D$5:$D$6:$D$7:$D$8,H5:H6:H7:H8)/100000 -> 0 | I21: =SUMPRODUCT($D$5:$D$6:$D$7:$D$8,I5:I6:I7:I8)/100000 -> 0.6213172 | J21: =SUMPRODUCT($D$5:$D$6:$D$7:$D$8,J5:J6:J7:J8)/100000 -> 1.1706847 | K21: =SUMPRODUCT($D$5:$D$6:$D$7:$D$8,K5:K6:K7:K8)/100000 -> 0 | L21: =SUMPRODUCT($D$5:$D$6:$D$7:$D$8,L5:L6:L7:L8)/100000 -> 0 | ... AB21: =SUMPRODUCT($D$5:$D$6:$D$7:$D$8,AB5:AB6:AB7:AB8)/100000 -> 0
C22: ZEFRICH GROUP | E22: =SUMPRODUCT($D$9:$D$10:$D$11,E9:E10:E11)/100000 -> 0.8362868 | F22: =SUMPRODUCT($D$9:$D$10:$D$11,F9:F10:F11)/100000 -> 0.9175872 | G22: =SUMPRODUCT($D$9:$D$10:$D$11,G9:G10:G11)/100000 -> 0 | H22: =SUMPRODUCT($D$9:$D$10:$D$11,H9:H10:H11)/100000 -> 0 | I22: =SUMPRODUCT($D$9:$D$10:$D$11,I9:I10:I11)/100000 -> 0.5960277 | J22: =SUMPRODUCT($D$9:$D$10:$D$11,J9:J10:J11)/100000 -> 0.828137 | K22: =SUMPRODUCT($D$9:$D$10:$D$11,K9:K10:K11)/100000 -> 0 | L22: =SUMPRODUCT($D$9:$D$10:$D$11,L9:L10:L11)/100000 -> 0 | ... AB22: =SUMPRODUCT($D$9:$D$10:$D$11,AB9:AB10:AB11)/100000 -> 0
C23: ZIORAL GROUP | E23: =SUMPRODUCT($D$12:$D$13,E12:E13)/100000 -> 0.036885 | F23: =SUMPRODUCT($D$12:$D$13,F12:F13)/100000 -> 0.2311033 | G23: =SUMPRODUCT($D$12:$D$13,G12:G13)/100000 -> 0 | H23: =SUMPRODUCT($D$12:$D$13,H12:H13)/100000 -> 0 | I23: =SUMPRODUCT($D$12:$D$13,I12:I13)/100000 -> 0.0785599 | J23: =SUMPRODUCT($D$12:$D$13,J12:J13)/100000 -> 0.2308898 | K23: =SUMPRODUCT($D$12:$D$13,K12:K13)/100000 -> 0 | L23: =SUMPRODUCT($D$12:$D$13,L12:L13)/100000 -> 0 | ... AB23: =SUMPRODUCT($D$12:$D$13,AB12:AB13)/100000 -> 0
C24: Total | E24: =SUM(E20:E23) -> 2.089979 | F24: =SUM(F20:F23) -> 2.2861055 | G24: =SUM(G20:G23) -> 0 | H24: =SUM(H20:H23) -> 0 | I24: =SUM(I20:I23) -> 1.3570556 | J24: =SUM(J20:J23) -> 2.4100899 | K24: =SUM(K20:K23) -> 0 | L24: =SUM(L20:L23) -> 0 | ... AB24: =SUM(AB20:AB23) -> 0
A25: RAMESH | B25: 1 | C25: CALYUMM P SUP 200 ML | D25: 92.9 | E25: 0 | F25: 0 | I25: 0 | J25: 0
B26: 2 | C26: MUMMUM-1 200 GM | D26: 154.38 | E26: 7 | F26: 4 | I26: 0 | J26: 22
B27: 3 | C27: MUMMUM-1 400 GM | D27: 283.73 | E27: 0 | I27: 0 | J27: 0
B28: 4 | C28: MUMMUM-2 400 GM | D28: 344.75 | I28: 0 | J28: 0
B29: 5 | C29: SIMYL MCT 200 GM | D29: 208.06 | E29: 0 | F29: 26 | I29: 3 | J29: 23
B30: 6 | C30: SIMYL MCT 400 GM | D30: 399.65 | E30: 6 | F30: 6 | I30: 7 | J30: 16
B31: 7 | C31: SIMYL MCT OIL (HDPE) 100 ML | D31: 228.82 | E31: 62 | F31: 36 | I31: 81 | J31: 49
B32: 8 | C32: SIMYL-LBW 400 GM | D32: 402.71 | E32: 0 | F32: 0 | I32: 0 | J32: 24
B33: 9 | C33: ZEFRICH CHOCOLATE 200 GM | D33: 250.17 | E33: 2 | F33: 16 | I33: 0 | J33: 15
B34: 10 | C34: ZEFRICH MILK MASALA 200 GM | D34: 250.17 | E34: 2 | F34: 17 | I34: 0 | J34: 17
B35: 11 | C35: ZEFRICH HP M M 200 GM | D35: 228.82 | E35: 0 | F35: 7 | I35: 0 | J35: 4
B36: 12 | C36: ZIORAL DROPS 15 ML | D36: 56.38 | E36: 55 | F36: 1 | I36: 147 | J36: 73
B37: 13 | C37: ZIORAL ORAL SYP 100 ML | D37: 70.14 | E37: 46 | F37: 48 | I37: 5 | J37: 32
B38: 14
C39: Total | E39: =SUMPRODUCT($D25:$D38,E25:E38)/100000 -> 0.2499342 | F39: =SUMPRODUCT($D25:$D38,F25:F38)/100000 -> 0.2994295 | G39: =SUMPRODUCT($D25:$D38,G25:G38)/100000 -> 0 | H39: =SUMPRODUCT($D25:$D38,H25:H38)/100000 -> 0 | I39: =SUMPRODUCT($D25:$D38,I25:I38)/100000 -> 0.3059471 | J39: =SUMPRODUCT($D25:$D38,J25:J38)/100000 -> 0.507343 | K39: =SUMPRODUCT($D25:$D38,K25:K38)/100000 -> 0 | L39: =SUMPRODUCT($D25:$D38,L25:L38)/100000 -> 0 | ... AB39: =SUMPRODUCT($D25:$D38,AB25:AB38)/100000 -> 0
B41: CODE | C41: PRODUCT | E41: S.S. | F41: C.S. | G41: S.S. | H41: C.S. | I41: S.S. | J41: C.S. | K41: S.S. | L41: C.S. | M41: S.S. | N41: C.S. | O41: S.S. | P41: C.S. | Q41: S.S. | R41: C.S. | S41: S.S. | T41: C.S. | U41: S.S. | V41: C.S. | W41: S.S. | X41: C.S. | Y41: S.S. | Z41: C.S. | AA41: S.S. | AB41: C.S.
C42: MUMMUM GROUP | E42: =SUMPRODUCT($D$26:$D$27:$D$28,E26:E27:E28)/100000 -> 0.0108066 | F42: =SUMPRODUCT($D$26:$D$27:$D$28,F26:F27:F28)/100000 -> 0.0061752 | G42: =SUMPRODUCT($D$26:$D$27:$D$28,G26:G27:G28)/100000 -> 0 | H42: =SUMPRODUCT($D$26:$D$27:$D$28,H26:H27:H28)/100000 -> 0 | I42: =SUMPRODUCT($D$26:$D$27:$D$28,I26:I27:I28)/100000 -> 0 | J42: =SUMPRODUCT($D$26:$D$27:$D$28,J26:J27:J28)/100000 -> 0.0339636 | K42: =SUMPRODUCT($D$26:$D$27:$D$28,K26:K27:K28)/100000 -> 0 | L42: =SUMPRODUCT($D$26:$D$27:$D$28,L26:L27:L28)/100000 -> 0 | ... AB42: =SUMPRODUCT($D$26:$D$27:$D$28,AB26:AB27:AB28)/100000 -> 0
C43: SIMYL GROUP | E43: =SUMPRODUCT($D$29:$D$30:$D$31:$D$32,E29:E30:E31:E32)/100000 -> 0.1658474 | F43: =SUMPRODUCT($D$29:$D$30:$D$31:$D$32,F29:F30:F31:F32)/100000 -> 0.1604498 | G43: =SUMPRODUCT($D$29:$D$30:$D$31:$D$32,G29:G30:G31:G32)/100000 -> 0 | H43: =SUMPRODUCT($D$29:$D$30:$D$31:$D$32,H29:H30:H31:H32)/100000 -> 0 | I43: =SUMPRODUCT($D$29:$D$30:$D$31:$D$32,I29:I30:I31:I32)/100000 -> 0.2195615 | J43: =SUMPRODUCT($D$29:$D$30:$D$31:$D$32,J29:J30:J31:J32)/100000 -> 0.32057 | K43: =SUMPRODUCT($D$29:$D$30:$D$31:$D$32,K29:K30:K31:K32)/100000 -> 0 | L43: =SUMPRODUCT($D$29:$D$30:$D$31:$D$32,L29:L30:L31:L32)/100000 -> 0 | ... AB43: =SUMPRODUCT($D$29:$D$30:$D$31:$D$32,AB29:AB30:AB31:AB32)/100000 -> 0
C44: ZEFRICH GROUP | E44: =SUMPRODUCT($D$33:$D$34:$D$35,E33:E34:E35)/100000 -> 0.0100068 | F44: =SUMPRODUCT($D$33:$D$34:$D$35,F33:F34:F35)/100000 -> 0.0985735 | G44: =SUMPRODUCT($D$33:$D$34:$D$35,G33:G34:G35)/100000 -> 0 | H44: =SUMPRODUCT($D$33:$D$34:$D$35,H33:H34:H35)/100000 -> 0 | I44: =SUMPRODUCT($D$33:$D$34:$D$35,I33:I34:I35)/100000 -> 0 | J44: =SUMPRODUCT($D$33:$D$34:$D$35,J33:J34:J35)/100000 -> 0.0892072 | K44: =SUMPRODUCT($D$33:$D$34:$D$35,K33:K34:K35)/100000 -> 0 | L44: =SUMPRODUCT($D$33:$D$34:$D$35,L33:L34:L35)/100000 -> 0 | ... AB44: =SUMPRODUCT($D$33:$D$34:$D$35,AB33:AB34:AB35)/100000 -> 0
C45: ZIORAL GROUP | E45: =SUMPRODUCT($D$36:$D$37,E36:E37)/100000 -> 0.0632734 | F45: =SUMPRODUCT($D$36:$D$37,F36:F37)/100000 -> 0.034231 | G45: =SUMPRODUCT($D$36:$D$37,G36:G37)/100000 -> 0 | H45: =SUMPRODUCT($D$36:$D$37,H36:H37)/100000 -> 0 | I45: =SUMPRODUCT($D$36:$D$37,I36:I37)/100000 -> 0.0863856 | J45: =SUMPRODUCT($D$36:$D$37,J36:J37)/100000 -> 0.0636022 | K45: =SUMPRODUCT($D$36:$D$37,K36:K37)/100000 -> 0 | L45: =SUMPRODUCT($D$36:$D$37,L36:L37)/100000 -> 0 | ... AB45: =SUMPRODUCT($D$36:$D$37,AB36:AB37)/100000 -> 0
C46: Total | E46: =SUM(E42:E45) -> 0.2499342 | F46: =SUM(F42:F45) -> 0.2994295 | G46: =SUM(G42:G45) -> 0 | H46: =SUM(H42:H45) -> 0 | I46: =SUM(I42:I45) -> 0.3059471 | J46: =SUM(J42:J45) -> 0.507343 | K46: =SUM(K42:K45) -> 0 | L46: =SUM(L42:L45) -> 0 | ... AB46: =SUM(AB42:AB45) -> 0
A47: ATUL | B47: 1 | C47: CALYUMM P SUP 200 ML | D47: 92.9 | E47: 0 | F47: 5 | I47: 5 | J47: 3
B48: 2 | C48: MUMMUM-1 200 GM | D48: 154.38 | E48: 1 | F48: 33 | I48: 11 | J48: 19
B49: 3 | C49: MUMMUM-1 400 GM | D49: 283.73 | E49: 30 | F49: 40 | I49: 1 | J49: 30
B50: 4 | C50: MUMMUM-2 400 GM | D50: 344.75 | E50: 0 | F50: 5 | I50: 0 | J50: 5
B51: 5 | C51: SIMYL MCT 200 GM | D51: 208.06 | E51: 204 | F51: 57 | I51: 146 | J51: 102
B52: 6 | C52: SIMYL MCT 400 GM | D52: 399.65 | E52: 6 | F52: 6 | I52: 0 | J52: 23
B53: 7 | C53: SIMYL MCT OIL (HDPE) 100 ML | D53: 228.82 | E53: 22 | F53: 30 | I53: 16 | J53: 24
B54: 8 | C54: SIMYL-LBW 400 GM | D54: 402.71 | E54: 21 | F54: 41 | I54: 17 | J54: 11
B55: 9 | C55: ZEFRICH CHOCOLATE 200 GM | D55: 250.17 | E55: 15 | F55: 22 | I55: 6 | J55: 20
B56: 10 | C56: ZEFRICH MILK MASALA 200 GM | D56: 250.17 | E56: 5 | F56: 4 | I56: 15 | J56: 13
B57: 11 | C57: ZEFRICH HP M M 200 GM | D57: 228.82 | E57: 0 | F57: 3 | I57: 0 | J57: 1
B58: 12 | C58: ZIORAL DROPS 15 ML | D58: 56.38 | E58: 107 | F58: 76 | I58: 5 | J58: 76
B59: 13 | C59: ZIORAL ORAL SYP 100 ML | D59: 70.14 | E59: 5 | F59: 25 | I59: 0 | J59: 15
B60: 14
C61: Total | E61: =SUMPRODUCT($D47:$D60,E47:E60)/100000 -> 0.7838613 | F61: =SUMPRODUCT($D47:$D60,F47:F60)/100000 -> 0.6949428 | G61: =SUMPRODUCT($D47:$D60,G47:G60)/100000 -> 0 | H61: =SUMPRODUCT($D47:$D60,H47:H60)/100000 -> 0 | I61: =SUMPRODUCT($D47:$D60,I47:I60)/100000 -> 0.4886583 | J61: =SUMPRODUCT($D47:$D60,J47:J60)/100000 -> 0.6760454 | K61: =SUMPRODUCT($D47:$D60,K47:K60)/100000 -> 0 | L61: =SUMPRODUCT($D47:$D60,L47:L60)/100000 -> 0 | ... AB61: =SUMPRODUCT($D47:$D60,AB47:AB60)/100000 -> 0
B63: CODE | C63: PRODUCT | E63: S.S. | F63: C.S. | G63: S.S. | H63: C.S. | I63: S.S. | J63: C.S. | K63: S.S. | L63: C.S. | M63: S.S. | N63: C.S. | O63: S.S. | P63: C.S. | Q63: S.S. | R63: C.S. | S63: S.S. | T63: C.S. | U63: S.S. | V63: C.S. | W63: S.S. | X63: C.S. | Y63: S.S. | Z63: C.S. | AA63: S.S. | AB63: C.S.
C64: MUMMUM GROUP | E64: =SUMPRODUCT($D$48:$D$49:$D$50,E48:E49:E50)/100000 -> 0.0866628 | F64: =SUMPRODUCT($D$48:$D$49:$D$50,F48:F49:F50)/100000 -> 0.1816749 | G64: =SUMPRODUCT($D$48:$D$49:$D$50,G48:G49:G50)/100000 -> 0 | H64: =SUMPRODUCT($D$48:$D$49:$D$50,H48:H49:H50)/100000 -> 0 | I64: =SUMPRODUCT($D$48:$D$49:$D$50,I48:I49:I50)/100000 -> 0.0198191 | J64: =SUMPRODUCT($D$48:$D$49:$D$50,J48:J49:J50)/100000 -> 0.1316887 | K64: =SUMPRODUCT($D$48:$D$49:$D$50,K48:K49:K50)/100000 -> 0 | L64: =SUMPRODUCT($D$48:$D$49:$D$50,L48:L49:L50)/100000 -> 0 | ... AB64: =SUMPRODUCT($D$48:$D$49:$D$50,AB48:AB49:AB50)/100000 -> 0
C65: SIMYL GROUP | E65: =SUMPRODUCT($D$51:$D$52:$D$53:$D$54,E51:E52:E53:E54)/100000 -> 0.5833309 | F65: =SUMPRODUCT($D$51:$D$52:$D$53:$D$54,F51:F52:F53:F54)/100000 -> 0.3763303 | G65: =SUMPRODUCT($D$51:$D$52:$D$53:$D$54,G51:G52:G53:G54)/100000 -> 0 | H65: =SUMPRODUCT($D$51:$D$52:$D$53:$D$54,H51:H52:H53:H54)/100000 -> 0 | I65: =SUMPRODUCT($D$51:$D$52:$D$53:$D$54,I51:I52:I53:I54)/100000 -> 0.4088395 | J65: =SUMPRODUCT($D$51:$D$52:$D$53:$D$54,J51:J52:J53:J54)/100000 -> 0.4033556 | K65: =SUMPRODUCT($D$51:$D$52:$D$53:$D$54,K51:K52:K53:K54)/100000 -> 0 | L65: =SUMPRODUCT($D$51:$D$52:$D$53:$D$54,L51:L52:L53:L54)/100000 -> 0 | ... AB65: =SUMPRODUCT($D$51:$D$52:$D$53:$D$54,AB51:AB52:AB53:AB54)/100000 -> 0
C66: ZEFRICH GROUP | E66: =SUMPRODUCT($D$55:$D$56:$D$57,E55:E56:E57)/100000 -> 0.050034 | F66: =SUMPRODUCT($D$55:$D$56:$D$57,F55:F56:F57)/100000 -> 0.0719088 | G66: =SUMPRODUCT($D$55:$D$56:$D$57,G55:G56:G57)/100000 -> 0 | H66: =SUMPRODUCT($D$55:$D$56:$D$57,H55:H56:H57)/100000 -> 0 | I66: =SUMPRODUCT($D$55:$D$56:$D$57,I55:I56:I57)/100000 -> 0.0525357 | J66: =SUMPRODUCT($D$55:$D$56:$D$57,J55:J56:J57)/100000 -> 0.0848443 | K66: =SUMPRODUCT($D$55:$D$56:$D$57,K55:K56:K57)/100000 -> 0 | L66: =SUMPRODUCT($D$55:$D$56:$D$57,L55:L56:L57)/100000 -> 0 | ... AB66: =SUMPRODUCT($D$55:$D$56:$D$57,AB55:AB56:AB57)/100000 -> 0
C67: ZIORAL GROUP | E67: =SUMPRODUCT($D$58:$D$59,E58:E59)/100000 -> 0.0638336 | F67: =SUMPRODUCT($D$58:$D$59,F58:F59)/100000 -> 0.0603838 | G67: =SUMPRODUCT($D$58:$D$59,G58:G59)/100000 -> 0 | H67: =SUMPRODUCT($D$58:$D$59,H58:H59)/100000 -> 0 | I67: =SUMPRODUCT($D$58:$D$59,I58:I59)/100000 -> 0.002819 | J67: =SUMPRODUCT($D$58:$D$59,J58:J59)/100000 -> 0.0533698 | K67: =SUMPRODUCT($D$58:$D$59,K58:K59)/100000 -> 0 | L67: =SUMPRODUCT($D$58:$D$59,L58:L59)/100000 -> 0 | ... AB67: =SUMPRODUCT($D$58:$D$59,AB58:AB59)/100000 -> 0
C68: Total | E68: =SUM(E64:E67) -> 0.7838613 | F68: =SUM(F64:F67) -> 0.6902978 | G68: =SUM(G64:G67) -> 0 | H68: =SUM(H64:H67) -> 0 | I68: =SUM(I64:I67) -> 0.4840133 | J68: =SUM(J64:J67) -> 0.6732584 | K68: =SUM(K64:K67) -> 0 | L68: =SUM(L64:L67) -> 0 | ... AB68: =SUM(AB64:AB67) -> 0
A69: SHARDA | B69: 1 | C69: CALYUMM P SUP 200 ML | D69: 92.9 | E69: 1 | F69: 20 | I69: 1 | J69: 15
B70: 2 | C70: MUMMUM-1 200 GM | D70: 154.38 | E70: 0 | F70: 3 | I70: 0 | J70: 3
B71: 3 | C71: MUMMUM-1 400 GM | D71: 283.73 | E71: 2 | F71: 33 | I71: 6 | J71: 21
B72: 4 | C72: MUMMUM-2 400 GM | D72: 344.75 | E72: 0 | F72: 3 | I72: 0 | J72: 3
B73: 5 | C73: SIMYL MCT 200 GM | D73: 208.06 | E73: 36 | F73: 9 | I73: 18 | J73: 31
B74: 6 | C74: SIMYL MCT 400 GM | D74: 399.65 | E74: 7 | F74: 16 | I74: 4 | J74: 10
B75: 7 | C75: SIMYL MCT OIL (HDPE) 100 ML | D75: 228.82 | E75: 68 | F75: 54 | I75: 59 | J75: 57
B76: 8 | C76: SIMYL-LBW 400 GM | D76: 402.71 | I76: 0 | J76: 0
B77: 9 | C77: ZEFRICH CHOCOLATE 200 GM | D77: 250.17 | I77: 0 | J77: 0
B78: 10 | C78: ZEFRICH MILK MASALA 200 GM | D78: 250.17 | E78: 0 | F78: 1 | I78: 0 | J78: 1
B79: 11 | C79: ZEFRICH HP M M 200 GM | D79: 228.82 | I79: 0 | J79: 0
B80: 12 | C80: ZIORAL DROPS 15 ML | D80: 56.38 | E80: 54 | F80: 122 | I80: 47 | J80: 69
B81: 13 | C81: ZIORAL ORAL SYP 100 ML | D81: 70.14 | E81: 31 | F81: 31 | I81: 15 | J81: 20
B82: 14
C83: Total | E83: =SUMPRODUCT($D69:$D82,E69:E82)/100000 -> 0.3172669 | F83: =SUMPRODUCT($D69:$D82,F69:F82)/100000 -> 0.4264457 | G83: =SUMPRODUCT($D69:$D82,G69:G82)/100000 -> 0 | H83: =SUMPRODUCT($D69:$D82,H69:H82)/100000 -> 0 | I83: =SUMPRODUCT($D69:$D82,I69:I82)/100000 -> 0.243413 | J83: =SUMPRODUCT($D69:$D82,J69:J82)/100000 -> 0.3788151 | K83: =SUMPRODUCT($D69:$D82,K69:K82)/100000 -> 0 | L83: =SUMPRODUCT($D69:$D82,L69:L82)/100000 -> 0 | ... AB83: =SUMPRODUCT($D69:$D82,AB69:AB82)/100000 -> 0
B85: CODE | C85: PRODUCT | E85: S.S. | F85: C.S. | G85: S.S. | H85: C.S. | I85: S.S. | J85: C.S. | K85: S.S. | L85: C.S. | M85: S.S. | N85: C.S. | O85: S.S. | P85: C.S. | Q85: S.S. | R85: C.S. | S85: S.S. | T85: C.S. | U85: S.S. | V85: C.S. | W85: S.S. | X85: C.S. | Y85: S.S. | Z85: C.S. | AA85: S.S. | AB85: C.S.
C86: MUMMUM GROUP | E86: =SUMPRODUCT($D$70:$D$71:$D$72,E70:E71:E72)/100000 -> 0.0056746 | F86: =SUMPRODUCT($D$70:$D$71:$D$72,F70:F71:F72)/100000 -> 0.1086048 | G86: =SUMPRODUCT($D$70:$D$71:$D$72,G70:G71:G72)/100000 -> 0 | H86: =SUMPRODUCT($D$70:$D$71:$D$72,H70:H71:H72)/100000 -> 0 | I86: =SUMPRODUCT($D$70:$D$71:$D$72,I70:I71:I72)/100000 -> 0.0170238 | J86: =SUMPRODUCT($D$70:$D$71:$D$72,J70:J71:J72)/100000 -> 0.0745572 | K86: =SUMPRODUCT($D$70:$D$71:$D$72,K70:K71:K72)/100000 -> 0 | L86: =SUMPRODUCT($D$70:$D$71:$D$72,L70:L71:L72)/100000 -> 0 | ... AB86: =SUMPRODUCT($D$70:$D$71:$D$72,AB70:AB71:AB72)/100000 -> 0
C87: SIMYL GROUP | E87: =SUMPRODUCT($D$73:$D$74:$D$75:$D$76,E73:E74:E75:E76)/100000 -> 0.2584747 | F87: =SUMPRODUCT($D$73:$D$74:$D$75:$D$76,F73:F74:F75:F76)/100000 -> 0.2062322 | G87: =SUMPRODUCT($D$73:$D$74:$D$75:$D$76,G73:G74:G75:G76)/100000 -> 0 | H87: =SUMPRODUCT($D$73:$D$74:$D$75:$D$76,H73:H74:H75:H76)/100000 -> 0 | I87: =SUMPRODUCT($D$73:$D$74:$D$75:$D$76,I73:I74:I75:I76)/100000 -> 0.1884406 | J87: =SUMPRODUCT($D$73:$D$74:$D$75:$D$76,J73:J74:J75:J76)/100000 -> 0.234891 | K87: =SUMPRODUCT($D$73:$D$74:$D$75:$D$76,K73:K74:K75:K76)/100000 -> 0 | L87: =SUMPRODUCT($D$73:$D$74:$D$75:$D$76,L73:L74:L75:L76)/100000 -> 0 | ... AB87: =SUMPRODUCT($D$73:$D$74:$D$75:$D$76,AB73:AB74:AB75:AB76)/100000 -> 0
C88: ZEFRICH GROUP | E88: =SUMPRODUCT($D$77:$D$78:$D$79,E77:E78:E79)/100000 -> 0 | F88: =SUMPRODUCT($D$77:$D$78:$D$79,F77:F78:F79)/100000 -> 0.0025017 | G88: =SUMPRODUCT($D$77:$D$78:$D$79,G77:G78:G79)/100000 -> 0 | H88: =SUMPRODUCT($D$77:$D$78:$D$79,H77:H78:H79)/100000 -> 0 | I88: =SUMPRODUCT($D$77:$D$78:$D$79,I77:I78:I79)/100000 -> 0 | J88: =SUMPRODUCT($D$77:$D$78:$D$79,J77:J78:J79)/100000 -> 0.0025017 | K88: =SUMPRODUCT($D$77:$D$78:$D$79,K77:K78:K79)/100000 -> 0 | L88: =SUMPRODUCT($D$77:$D$78:$D$79,L77:L78:L79)/100000 -> 0 | ... AB88: =SUMPRODUCT($D$77:$D$78:$D$79,AB77:AB78:AB79)/100000 -> 0
C89: ZIORAL GROUP | E89: =SUMPRODUCT($D$80:$D$81,E80:E81)/100000 -> 0.0521886 | F89: =SUMPRODUCT($D$80:$D$81,F80:F81)/100000 -> 0.090527 | G89: =SUMPRODUCT($D$80:$D$81,G80:G81)/100000 -> 0 | H89: =SUMPRODUCT($D$80:$D$81,H80:H81)/100000 -> 0 | I89: =SUMPRODUCT($D$80:$D$81,I80:I81)/100000 -> 0.0370196 | J89: =SUMPRODUCT($D$80:$D$81,J80:J81)/100000 -> 0.0529302 | K89: =SUMPRODUCT($D$80:$D$81,K80:K81)/100000 -> 0 | L89: =SUMPRODUCT($D$80:$D$81,L80:L81)/100000 -> 0 | ... AB89: =SUMPRODUCT($D$80:$D$81,AB80:AB81)/100000 -> 0
C90: Total | E90: =SUM(E86:E89) -> 0.3163379 | F90: =SUM(F86:F89) -> 0.4078657 | G90: =SUM(G86:G89) -> 0 | H90: =SUM(H86:H89) -> 0 | I90: =SUM(I86:I89) -> 0.242484 | J90: =SUM(J86:J89) -> 0.3648801 | K90: =SUM(K86:K89) -> 0 | L90: =SUM(L86:L89) -> 0 | ... AB90: =SUM(AB86:AB89) -> 0
A91: V.V | B91: 1 | C91: CALYUMM P SUP 200 ML | D91: 92.9 | I91: 0 | J91: 0
B92: 2 | C92: MUMMUM-1 200 GM | D92: 154.38 | I92: 0 | J92: 0
B93: 3 | C93: MUMMUM-1 400 GM | D93: 283.73 | I93: 0 | J93: 0
B94: 4 | C94: MUMMUM-2 400 GM | D94: 344.75 | I94: 0 | J94: 0
B95: 5 | C95: SIMYL MCT 200 GM | D95: 208.06 | E95: 6 | F95: 17 | I95: 2 | J95: 15
B96: 6 | C96: SIMYL MCT 400 GM | D96: 399.65 | E96: 3 | F96: 25 | I96: 2 | J96: 21
B97: 7 | C97: SIMYL MCT OIL (HDPE) 100 ML | D97: 228.82 | E97: 7 | F97: 10 | I97: 0 | J97: 0
B98: 8 | C98: SIMYL-LBW 400 GM | D98: 402.71 | I98: 0 | J98: 0
B99: 9 | C99: ZEFRICH CHOCOLATE 200 GM | D99: 250.17 | I99: 0 | J99: 0
B100: 10 | C100: ZEFRICH MILK MASALA 200 GM | D100: 250.17 | E100: 5 | F100: 21 | I100: 5 | J100: 16
B101: 11 | C101: ZEFRICH HP M M 200 GM | D101: 228.82 | I101: 0 | J101: 0
B102: 12 | C102: ZIORAL DROPS 15 ML | D102: 56.38 | E102: 32 | F102: 23 | I102: 32 | J102: 27
B103: 13 | C103: ZIORAL ORAL SYP 100 ML | D103: 70.14 | E103: 0 | F103: 30 | I103: 0 | J103: 30
B104: 14
...

Sheet RAJKOT
A1: 2026_27 | C1: VISHAL - RAJKOT | E1: APR'26 | G1: MAY'26 | I1: JUN'26 | K1: JUL'26 | M1: AUG'26 | O1: SEP'26 | Q1: OCT'26 | S1: NOV'26 | U1: DEC'26 | W1: JAN'26 | Y1: FEB'26 | AA1: MAR'26
B2: S.No | C2: PRODUCT | D2: PTS | E2: S.S. | F2: C.S. | G2: S.S. | H2: C.S. | I2: S.S. | J2: C.S. | K2: S.S. | L2: C.S. | M2: S.S. | N2: C.S. | O2: S.S. | P2: C.S. | Q2: S.S. | R2: C.S. | S2: S.S. | T2: C.S. | U2: S.S. | V2: C.S. | W2: S.S. | X2: C.S. | Y2: S.S. | Z2: C.S. | AA2: S.S. | AB2: C.S.
A3: TOTAL | B3: 1 | C3: CALYUMM P SUP 200 ML | D3: 92.9 | E3: =E25+E47+E69+E91+E113+E135+E157+E179 -> 19 | F3: =F25+F47+F69+F91+F113+F135+F157+F179 -> 50 | G3: =G25+G47+G69+G91+G113+G135+G157+G179 -> 0 | H3: =H25+H47+H69+H91+H113+H135+H157+H179 -> 0 | I3: =I25+I47+I69+I91+I113+I135+I157+I179 -> 0 | J3: =J25+J47+J69+J91+J113+J135+J157+J179 -> 0 | K3: =K25+K47+K69+K91+K113+K135+K157+K179 -> 0 | L3: =L25+L47+L69+L91+L113+L135+L157+L179 -> 0 | ... AB3: =AB25+AB47+AB69+AB91+AB113+AB135+AB157+AB179 -> 0
B4: 2 | C4: MUMMUM-1 200 GM | D4: 154.38 | E4: =E26+E48+E70+E92+E114+E136+E158+E180 -> 77 | F4: =F26+F48+F70+F92+F114+F136+F158+F180 -> 48 | G4: =G26+G48+G70+G92+G114+G136+G158+G180 -> 0 | H4: =H26+H48+H70+H92+H114+H136+H158+H180 -> 0 | I4: =I26+I48+I70+I92+I114+I136+I158+I180 -> 0 | J4: =J26+J48+J70+J92+J114+J136+J158+J180 -> 0 | K4: =K26+K48+K70+K92+K114+K136+K158+K180 -> 0 | L4: =L26+L48+L70+L92+L114+L136+L158+L180 -> 0 | ... AB4: =AB26+AB48+AB70+AB92+AB114+AB136+AB158+AB180 -> 0
B5: 3 | C5: MUMMUM-1 400 GM | D5: 283.73 | E5: =E27+E49+E71+E93+E115+E137+E159+E181 -> 173 | F5: =F27+F49+F71+F93+F115+F137+F159+F181 -> 77 | G5: =G27+G49+G71+G93+G115+G137+G159+G181 -> 0 | H5: =H27+H49+H71+H93+H115+H137+H159+H181 -> 0 | I5: =I27+I49+I71+I93+I115+I137+I159+I181 -> 0 | J5: =J27+J49+J71+J93+J115+J137+J159+J181 -> 0 | K5: =K27+K49+K71+K93+K115+K137+K159+K181 -> 0 | L5: =L27+L49+L71+L93+L115+L137+L159+L181 -> 0 | ... AB5: =AB27+AB49+AB71+AB93+AB115+AB137+AB159+AB181 -> 0
B6: 4 | C6: MUMMUM-2 400 GM | D6: 344.75 | E6: =E28+E50+E72+E94+E116+E138+E160+E182 -> 101 | F6: =F28+F50+F72+F94+F116+F138+F160+F182 -> 84 | G6: =G28+G50+G72+G94+G116+G138+G160+G182 -> 0 | H6: =H28+H50+H72+H94+H116+H138+H160+H182 -> 0 | I6: =I28+I50+I72+I94+I116+I138+I160+I182 -> 0 | J6: =J28+J50+J72+J94+J116+J138+J160+J182 -> 0 | K6: =K28+K50+K72+K94+K116+K138+K160+K182 -> 0 | L6: =L28+L50+L72+L94+L116+L138+L160+L182 -> 0 | ... AB6: =AB28+AB50+AB72+AB94+AB116+AB138+AB160+AB182 -> 0
B7: 5 | C7: SIMYL MCT 200 GM | D7: 208.06 | E7: =E29+E51+E73+E95+E117+E139+E161+E183 -> 34 | F7: =F29+F51+F73+F95+F117+F139+F161+F183 -> 51 | G7: =G29+G51+G73+G95+G117+G139+G161+G183 -> 0 | H7: =H29+H51+H73+H95+H117+H139+H161+H183 -> 0 | I7: =I29+I51+I73+I95+I117+I139+I161+I183 -> 0 | J7: =J29+J51+J73+J95+J117+J139+J161+J183 -> 0 | K7: =K29+K51+K73+K95+K117+K139+K161+K183 -> 0 | L7: =L29+L51+L73+L95+L117+L139+L161+L183 -> 0 | ... AB7: =AB29+AB51+AB73+AB95+AB117+AB139+AB161+AB183 -> 0
B8: 6 | C8: SIMYL MCT 400 GM | D8: 399.65 | E8: =E30+E52+E74+E96+E118+E140+E162+E184 -> 37 | F8: =F30+F52+F74+F96+F118+F140+F162+F184 -> 75 | G8: =G30+G52+G74+G96+G118+G140+G162+G184 -> 0 | H8: =H30+H52+H74+H96+H118+H140+H162+H184 -> 0 | I8: =I30+I52+I74+I96+I118+I140+I162+I184 -> 0 | J8: =J30+J52+J74+J96+J118+J140+J162+J184 -> 0 | K8: =K30+K52+K74+K96+K118+K140+K162+K184 -> 0 | L8: =L30+L52+L74+L96+L118+L140+L162+L184 -> 0 | ... AB8: =AB30+AB52+AB74+AB96+AB118+AB140+AB162+AB184 -> 0
B9: 7 | C9: SIMYL MCT OIL (HDPE) 100 ML | D9: 228.82 | E9: =E31+E53+E75+E97+E119+E141+E163+E185 -> 542 | F9: =F31+F53+F75+F97+F119+F141+F163+F185 -> 287 | G9: =G31+G53+G75+G97+G119+G141+G163+G185 -> 0 | H9: =H31+H53+H75+H97+H119+H141+H163+H185 -> 0 | I9: =I31+I53+I75+I97+I119+I141+I163+I185 -> 0 | J9: =J31+J53+J75+J97+J119+J141+J163+J185 -> 0 | K9: =K31+K53+K75+K97+K119+K141+K163+K185 -> 0 | L9: =L31+L53+L75+L97+L119+L141+L163+L185 -> 0 | ... AB9: =AB31+AB53+AB75+AB97+AB119+AB141+AB163+AB185 -> 0
B10: 8 | C10: SIMYL-LBW 400 GM | D10: 402.71 | E10: =E32+E54+E76+E98+E120+E142+E164+E186 -> 11 | F10: =F32+F54+F76+F98+F120+F142+F164+F186 -> 38 | G10: =G32+G54+G76+G98+G120+G142+G164+G186 -> 0 | H10: =H32+H54+H76+H98+H120+H142+H164+H186 -> 0 | I10: =I32+I54+I76+I98+I120+I142+I164+I186 -> 0 | J10: =J32+J54+J76+J98+J120+J142+J164+J186 -> 0 | K10: =K32+K54+K76+K98+K120+K142+K164+K186 -> 0 | L10: =L32+L54+L76+L98+L120+L142+L164+L186 -> 0 | ... AB10: =AB32+AB54+AB76+AB98+AB120+AB142+AB164+AB186 -> 0
B11: 9 | C11: ZEFRICH CHOCOLATE 200 GM | D11: 250.17 | E11: =E33+E55+E77+E99+E121+E143+E165+E187 -> 28 | F11: =F33+F55+F77+F99+F121+F143+F165+F187 -> 88 | G11: =G33+G55+G77+G99+G121+G143+G165+G187 -> 0 | H11: =H33+H55+H77+H99+H121+H143+H165+H187 -> 0 | I11: =I33+I55+I77+I99+I121+I143+I165+I187 -> 0 | J11: =J33+J55+J77+J99+J121+J143+J165+J187 -> 0 | K11: =K33+K55+K77+K99+K121+K143+K165+K187 -> 0 | L11: =L33+L55+L77+L99+L121+L143+L165+L187 -> 0 | ... AB11: =AB33+AB55+AB77+AB99+AB121+AB143+AB165+AB187 -> 0
B12: 10 | C12: ZEFRICH MILK MASALA 200 GM | D12: 250.17 | E12: =E34+E56+E78+E100+E122+E144+E166+E188 -> 36 | F12: =F34+F56+F78+F100+F122+F144+F166+F188 -> 64 | G12: =G34+G56+G78+G100+G122+G144+G166+G188 -> 0 | H12: =H34+H56+H78+H100+H122+H144+H166+H188 -> 0 | I12: =I34+I56+I78+I100+I122+I144+I166+I188 -> 0 | J12: =J34+J56+J78+J100+J122+J144+J166+J188 -> 0 | K12: =K34+K56+K78+K100+K122+K144+K166+K188 -> 0 | L12: =L34+L56+L78+L100+L122+L144+L166+L188 -> 0 | ... AB12: =AB34+AB56+AB78+AB100+AB122+AB144+AB166+AB188 -> 0
B13: 11 | C13: ZEFRICH HP M M 200 GM | D13: 228.82 | E13: =E35+E57+E79+E101+E123+E145+E167+E189 -> 8 | F13: =F35+F57+F79+F101+F123+F145+F167+F189 -> 37 | G13: =G35+G57+G79+G101+G123+G145+G167+G189 -> 0 | H13: =H35+H57+H79+H101+H123+H145+H167+H189 -> 0 | I13: =I35+I57+I79+I101+I123+I145+I167+I189 -> 0 | J13: =J35+J57+J79+J101+J123+J145+J167+J189 -> 0 | K13: =K35+K57+K79+K101+K123+K145+K167+K189 -> 0 | L13: =L35+L57+L79+L101+L123+L145+L167+L189 -> 0 | ... AB13: =AB35+AB57+AB79+AB101+AB123+AB145+AB167+AB189 -> 0
B14: 12 | C14: ZIORAL DROPS 15 ML | D14: 56.38 | E14: =E36+E58+E80+E102+E124+E146+E168+E190 -> 166 | F14: =F36+F58+F80+F102+F124+F146+F168+F190 -> 282 | G14: =G36+G58+G80+G102+G124+G146+G168+G190 -> 0 | H14: =H36+H58+H80+H102+H124+H146+H168+H190 -> 0 | I14: =I36+I58+I80+I102+I124+I146+I168+I190 -> 0 | J14: =J36+J58+J80+J102+J124+J146+J168+J190 -> 0 | K14: =K36+K58+K80+K102+K124+K146+K168+K190 -> 0 | L14: =L36+L58+L80+L102+L124+L146+L168+L190 -> 0 | ... AB14: =AB36+AB58+AB80+AB102+AB124+AB146+AB168+AB190 -> 0
B15: 13 | C15: ZIORAL ORAL SYP 100 ML | D15: 70.14 | E15: =E37+E59+E81+E103+E125+E147+E169+E191 -> 38 | F15: =F37+F59+F81+F103+F125+F147+F169+F191 -> 158 | G15: =G37+G59+G81+G103+G125+G147+G169+G191 -> 0 | H15: =H37+H59+H81+H103+H125+H147+H169+H191 -> 0 | I15: =I37+I59+I81+I103+I125+I147+I169+I191 -> 0 | J15: =J37+J59+J81+J103+J125+J147+J169+J191 -> 0 | K15: =K37+K59+K81+K103+K125+K147+K169+K191 -> 0 | L15: =L37+L59+L81+L103+L125+L147+L169+L191 -> 0 | ... AB15: =AB37+AB59+AB81+AB103+AB125+AB147+AB169+AB191 -> 0
B16: 14 | E16: =E38+E60+E82+E104+E126+E148+E170+E192 -> 0 | F16: =F38+F60+F82+F104+F126+F148+F170+F192 -> 0 | G16: =G38+G60+G82+G104+G126+G148+G170+G192 -> 0 | H16: =H38+H60+H82+H104+H126+H148+H170+H192 -> 0 | I16: =I38+I60+I82+I104+I126+I148+I170+I192 -> 0 | J16: =J38+J60+J82+J104+J126+J148+J170+J192 -> 0 | K16: =K38+K60+K82+K104+K126+K148+K170+K192 -> 0 | L16: =L38+L60+L82+L104+L126+L148+L170+L192 -> 0 | ... AB16: =AB38+AB60+AB82+AB104+AB126+AB148+AB170+AB192 -> 0
C17: Total | E17: =SUMPRODUCT($D3:$D16,E3:E16)/100000 -> 2.7773458 | F17: =SUMPRODUCT($D3:$D16,F3:F16)/100000 -> 2.5789404 | G17: =SUMPRODUCT($D3:$D16,G3:G16)/100000 -> 0 | H17: =SUMPRODUCT($D3:$D16,H3:H16)/100000 -> 0 | I17: =SUMPRODUCT($D3:$D16,I3:I16)/100000 -> 0 | J17: =SUMPRODUCT($D3:$D16,J3:J16)/100000 -> 0 | K17: =SUMPRODUCT($D3:$D16,K3:K16)/100000 -> 0 | L17: =SUMPRODUCT($D3:$D16,L3:L16)/100000 -> 0 | ... AB17: =SUMPRODUCT($D3:$D16,AB3:AB16)/100000 -> 0
B19: CODE | C19: PRODUCT | E19: S.S. | F19: C.S. | G19: S.S. | H19: C.S. | I19: S.S. | J19: C.S. | K19: S.S. | L19: C.S. | M19: S.S. | N19: C.S. | O19: S.S. | P19: C.S. | Q19: S.S. | R19: C.S. | S19: S.S. | T19: C.S. | U19: S.S. | V19: C.S. | W19: S.S. | X19: C.S. | Y19: S.S. | Z19: C.S. | AA19: S.S. | AB19: C.S.
C20: MUMMUM GROUP | E20: =SUMPRODUCT($D$4:$D$5:$D$6,E4:E5:E6)/100000 -> 0.957923 | F20: =SUMPRODUCT($D$4:$D$5:$D$6,F4:F5:F6)/100000 -> 0.5821645 | G20: =SUMPRODUCT($D$2:$D$3:$D$4,G2:G3:G4)/100000 -> 0 | H20: =SUMPRODUCT($D$2:$D$3:$D$4,H2:H3:H4)/100000 -> 0 | I20: =SUMPRODUCT($D$2:$D$3:$D$4,I2:I3:I4)/100000 -> 0 | J20: =SUMPRODUCT($D$2:$D$3:$D$4,J2:J3:J4)/100000 -> 0 | K20: =SUMPRODUCT($D$2:$D$3:$D$4,K2:K3:K4)/100000 -> 0 | L20: =SUMPRODUCT($D$2:$D$3:$D$4,L2:L3:L4)/100000 -> 0 | M20: =SUMPRODUCT($D$2:$D$3:$D$4,M2:M3:M4)/100000 -> 0 | N20: =SUMPRODUCT($D$2:$D$3:$D$4,N2:N3:N4)/100000 -> 0 | ... AB20: =SUMPRODUCT($D$2:$D$3:$D$4,AB2:AB3:AB4)/100000 -> 0
C21: SIMYL GROUP | E21: =SUMPRODUCT($D$7:$D$8:$D$9:$D$10,E7:E8:E9:E10)/100000 -> 1.5031134 | F21: =SUMPRODUCT($D$7:$D$8:$D$9:$D$10,F7:F8:F9:F10)/100000 -> 1.2155913 | G21: =SUMPRODUCT($D$5:$D$6:$D$7:$D$8,G5:G6:G7:G8)/100000 -> 0 | H21: =SUMPRODUCT($D$5:$D$6:$D$7:$D$8,H5:H6:H7:H8)/100000 -> 0 | I21: =SUMPRODUCT($D$5:$D$6:$D$7:$D$8,I5:I6:I7:I8)/100000 -> 0 | J21: =SUMPRODUCT($D$5:$D$6:$D$7:$D$8,J5:J6:J7:J8)/100000 -> 0 | K21: =SUMPRODUCT($D$5:$D$6:$D$7:$D$8,K5:K6:K7:K8)/100000 -> 0 | L21: =SUMPRODUCT($D$5:$D$6:$D$7:$D$8,L5:L6:L7:L8)/100000 -> 0 | M21: =SUMPRODUCT($D$5:$D$6:$D$7:$D$8,M5:M6:M7:M8)/100000 -> 0 | N21: =SUMPRODUCT($D$5:$D$6:$D$7:$D$8,N5:N6:N7:N8)/100000 -> 0 | ... AB21: =SUMPRODUCT($D$5:$D$6:$D$7:$D$8,AB5:AB6:AB7:AB8)/100000 -> 0
C22: ZEFRICH GROUP | E22: =SUMPRODUCT($D$11:$D$12:$D$13,E11:E12:E13)/100000 -> 0.1784144 | F22: =SUMPRODUCT($D$11:$D$12:$D$13,F11:F12:F13)/100000 -> 0.4649218 | G22: =SUMPRODUCT($D$9:$D$10:$D$11,G9:G10:G11)/100000 -> 0 | H22: =SUMPRODUCT($D$9:$D$10:$D$11,H9:H10:H11)/100000 -> 0 | I22: =SUMPRODUCT($D$9:$D$10:$D$11,I9:I10:I11)/100000 -> 0 | J22: =SUMPRODUCT($D$9:$D$10:$D$11,J9:J10:J11)/100000 -> 0 | K22: =SUMPRODUCT($D$9:$D$10:$D$11,K9:K10:K11)/100000 -> 0 | L22: =SUMPRODUCT($D$9:$D$10:$D$11,L9:L10:L11)/100000 -> 0 | M22: =SUMPRODUCT($D$9:$D$10:$D$11,M9:M10:M11)/100000 -> 0 | N22: =SUMPRODUCT($D$9:$D$10:$D$11,N9:N10:N11)/100000 -> 0 | ... AB22: =SUMPRODUCT($D$9:$D$10:$D$11,AB9:AB10:AB11)/100000 -> 0
C23: ZIORAL GROUP | E23: =SUMPRODUCT($D$14:$D$15,E14:E15)/100000 -> 0.120244 | F23: =SUMPRODUCT($D$14:$D$15,F14:F15)/100000 -> 0.2698128 | G23: =SUMPRODUCT($D$12:$D$13,G12:G13)/100000 -> 0 | H23: =SUMPRODUCT($D$12:$D$13,H12:H13)/100000 -> 0 | I23: =SUMPRODUCT($D$12:$D$13,I12:I13)/100000 -> 0 | J23: =SUMPRODUCT($D$12:$D$13,J12:J13)/100000 -> 0 | K23: =SUMPRODUCT($D$12:$D$13,K12:K13)/100000 -> 0 | L23: =SUMPRODUCT($D$12:$D$13,L12:L13)/100000 -> 0 | M23: =SUMPRODUCT($D$12:$D$13,M12:M13)/100000 -> 0 | N23: =SUMPRODUCT($D$12:$D$13,N12:N13)/100000 -> 0 | ... AB23: =SUMPRODUCT($D$12:$D$13,AB12:AB13)/100000 -> 0
C24: Total | E24: =SUM(E20:E23) -> 2.7596948 | F24: =SUM(F20:F23) -> 2.5324904 | G24: =SUM(G20:G23) -> 0 | H24: =SUM(H20:H23) -> 0 | I24: =SUM(I20:I23) -> 0 | J24: =SUM(J20:J23) -> 0 | K24: =SUM(K20:K23) -> 0 | L24: =SUM(L20:L23) -> 0 | ... AB24: =SUM(AB20:AB23) -> 0
A25: NIRMAL AGENCY | B25: 1 | C25: CALYUMM P SUP 200 ML | D25: 92.9 | E25: 3 | F25: 10
B26: 2 | C26: MUMMUM-1 200 GM | D26: 154.38 | E26: 16 | F26: 12
B27: 3 | C27: MUMMUM-1 400 GM | D27: 283.73 | E27: 15 | F27: 18
B28: 4 | C28: MUMMUM-2 400 GM | D28: 344.75 | E28: 0 | F28: 22
B29: 5 | C29: SIMYL MCT 200 GM | D29: 208.06 | E29: 25 | F29: 20
B30: 6 | C30: SIMYL MCT 400 GM | D30: 399.65 | E30: 4 | F30: 11
B31: 7 | C31: SIMYL MCT OIL (HDPE) 100 ML | D31: 228.82 | E31: 325 | F31: 75
B32: 8 | C32: SIMYL-LBW 400 GM | D32: 402.71 | E32: 5 | F32: 5
B33: 9 | C33: ZEFRICH CHOCOLATE 200 GM | D33: 250.17 | E33: 3 | F33: 21
B34: 10 | C34: ZEFRICH MILK MASALA 200 GM | D34: 250.17 | E34: 6 | F34: 17
B35: 11 | C35: ZEFRICH HP M M 200 GM | D35: 228.82 | E35: 2 | F35: 24
B36: 12 | C36: ZIORAL DROPS 15 ML | D36: 56.38 | E36: 125 | F36: 175
B37: 13 | C37: ZIORAL ORAL SYP 100 ML | D37: 70.14 | E37: 15 | F37: 65
B38: 14
C39: Total | E39: =SUMPRODUCT($D25:$D38,E25:E38)/100000 -> 1.0099365 | F39: =SUMPRODUCT($D25:$D38,F25:F38)/100000 -> 0.7262934 | G39: =SUMPRODUCT($D25:$D38,G25:G38)/100000 -> 0 | H39: =SUMPRODUCT($D25:$D38,H25:H38)/100000 -> 0 | I39: =SUMPRODUCT($D25:$D38,I25:I38)/100000 -> 0 | J39: =SUMPRODUCT($D25:$D38,J25:J38)/100000 -> 0 | K39: =SUMPRODUCT($D25:$D38,K25:K38)/100000 -> 0 | L39: =SUMPRODUCT($D25:$D38,L25:L38)/100000 -> 0 | ... AB39: =SUMPRODUCT($D25:$D38,AB25:AB38)/100000 -> 0
B41: CODE | C41: PRODUCT | E41: S.S. | F41: C.S. | G41: S.S. | H41: C.S. | I41: S.S. | J41: C.S. | K41: S.S. | L41: C.S. | M41: S.S. | N41: C.S. | O41: S.S. | P41: C.S. | Q41: S.S. | R41: C.S. | S41: S.S. | T41: C.S. | U41: S.S. | V41: C.S. | W41: S.S. | X41: C.S. | Y41: S.S. | Z41: C.S. | AA41: S.S. | AB41: C.S.
C42: MUMMUM GROUP | E42: =SUMPRODUCT($D$26:$D$27:$D$28,E26:E27:E28)/100000 -> 0.0672603 | F42: =SUMPRODUCT($D$26:$D$27:$D$28,F26:F27:F28)/100000 -> 0.145442 | G42: =SUMPRODUCT($D$26:$D$27:$D$28,G26:G27:G28)/100000 -> 0 | H42: =SUMPRODUCT($D$26:$D$27:$D$28,H26:H27:H28)/100000 -> 0 | I42: =SUMPRODUCT($D$26:$D$27:$D$28,I26:I27:I28)/100000 -> 0 | J42: =SUMPRODUCT($D$26:$D$27:$D$28,J26:J27:J28)/100000 -> 0 | K42: =SUMPRODUCT($D$26:$D$27:$D$28,K26:K27:K28)/100000 -> 0 | L42: =SUMPRODUCT($D$26:$D$27:$D$28,L26:L27:L28)/100000 -> 0 | ... AB42: =SUMPRODUCT($D$26:$D$27:$D$28,AB26:AB27:AB28)/100000 -> 0
C43: SIMYL GROUP | E43: =SUMPRODUCT($D$29:$D$30:$D$31:$D$32,E29:E30:E31:E32)/100000 -> 0.8318015 | F43: =SUMPRODUCT($D$29:$D$30:$D$31:$D$32,F29:F30:F31:F32)/100000 -> 0.277324 | G43: =SUMPRODUCT($D$29:$D$30:$D$31:$D$32,G29:G30:G31:G32)/100000 -> 0 | H43: =SUMPRODUCT($D$29:$D$30:$D$31:$D$32,H29:H30:H31:H32)/100000 -> 0 | I43: =SUMPRODUCT($D$29:$D$30:$D$31:$D$32,I29:I30:I31:I32)/100000 -> 0 | J43: =SUMPRODUCT($D$29:$D$30:$D$31:$D$32,J29:J30:J31:J32)/100000 -> 0 | K43: =SUMPRODUCT($D$29:$D$30:$D$31:$D$32,K29:K30:K31:K32)/100000 -> 0 | L43: =SUMPRODUCT($D$29:$D$30:$D$31:$D$32,L29:L30:L31:L32)/100000 -> 0 | ... AB43: =SUMPRODUCT($D$29:$D$30:$D$31:$D$32,AB29:AB30:AB31:AB32)/100000 -> 0
C44: ZEFRICH GROUP | E44: =SUMPRODUCT($D$33:$D$34:$D$35,E33:E34:E35)/100000 -> 0.0270917 | F44: =SUMPRODUCT($D$33:$D$34:$D$35,F33:F34:F35)/100000 -> 0.1499814 | G44: =SUMPRODUCT($D$33:$D$34:$D$35,G33:G34:G35)/100000 -> 0 | H44: =SUMPRODUCT($D$33:$D$34:$D$35,H33:H34:H35)/100000 -> 0 | I44: =SUMPRODUCT($D$33:$D$34:$D$35,I33:I34:I35)/100000 -> 0 | J44: =SUMPRODUCT($D$33:$D$34:$D$35,J33:J34:J35)/100000 -> 0 | K44: =SUMPRODUCT($D$33:$D$34:$D$35,K33:K34:K35)/100000 -> 0 | L44: =SUMPRODUCT($D$33:$D$34:$D$35,L33:L34:L35)/100000 -> 0 | ... AB44: =SUMPRODUCT($D$33:$D$34:$D$35,AB33:AB34:AB35)/100000 -> 0
C45: ZIORAL GROUP | E45: =SUMPRODUCT($D$36:$D$37,E36:E37)/100000 -> 0.080996 | F45: =SUMPRODUCT($D$36:$D$37,F36:F37)/100000 -> 0.144256 | G45: =SUMPRODUCT($D$36:$D$37,G36:G37)/100000 -> 0 | H45: =SUMPRODUCT($D$36:$D$37,H36:H37)/100000 -> 0 | I45: =SUMPRODUCT($D$36:$D$37,I36:I37)/100000 -> 0 | J45: =SUMPRODUCT($D$36:$D$37,J36:J37)/100000 -> 0 | K45: =SUMPRODUCT($D$36:$D$37,K36:K37)/100000 -> 0 | L45: =SUMPRODUCT($D$36:$D$37,L36:L37)/100000 -> 0 | ... AB45: =SUMPRODUCT($D$36:$D$37,AB36:AB37)/100000 -> 0
C46: Total | E46: =SUM(E42:E45) -> 1.0071495 | F46: =SUM(F42:F45) -> 0.7170034 | G46: =SUM(G42:G45) -> 0 | H46: =SUM(H42:H45) -> 0 | I46: =SUM(I42:I45) -> 0 | J46: =SUM(J42:J45) -> 0 | K46: =SUM(K42:K45) -> 0 | L46: =SUM(L42:L45) -> 0 | ... AB46: =SUM(AB42:AB45) -> 0
A47: RAJENDRA | B47: 1 | C47: CALYUMM P SUP 200 ML | D47: 92.9 | E47: 2 | F47: 10
B48: 2 | C48: MUMMUM-1 200 GM | D48: 154.38 | E48: 0 | F48: 0
B49: 3 | C49: MUMMUM-1 400 GM | D49: 283.73 | E49: 0 | F49: 0
B50: 4 | C50: MUMMUM-2 400 GM | D50: 344.75 | E50: 0 | F50: 0
B51: 5 | C51: SIMYL MCT 200 GM | D51: 208.06 | E51: 2 | F51: 8
B52: 6 | C52: SIMYL MCT 400 GM | D52: 399.65 | E52: 12 | F52: 23
B53: 7 | C53: SIMYL MCT OIL (HDPE) 100 ML | D53: 228.82 | E53: 61 | F53: 64
B54: 8 | C54: SIMYL-LBW 400 GM | D54: 402.71 | E54: 0 | F54: 0
B55: 9 | C55: ZEFRICH CHOCOLATE 200 GM | D55: 250.17 | E55: 2 | F55: 18
B56: 10 | C56: ZEFRICH MILK MASALA 200 GM | D56: 250.17 | E56: 0 | F56: 20
B57: 11 | C57: ZEFRICH HP M M 200 GM | D57: 228.82 | E57: 6 | F57: 13
B58: 12 | C58: ZIORAL DROPS 15 ML | D58: 56.38 | E58: 31 | F58: 50
B59: 13 | C59: ZIORAL ORAL SYP 100 ML | D59: 70.14 | E59: 3 | F59: 17
B60: 14
C61: Total | E61: =SUMPRODUCT($D47:$D60,E47:E60)/100000 -> 0.231872 | F61: =SUMPRODUCT($D47:$D60,F47:F60)/100000 -> 0.4292241 | G61: =SUMPRODUCT($D47:$D60,G47:G60)/100000 -> 0 | H61: =SUMPRODUCT($D47:$D60,H47:H60)/100000 -> 0 | I61: =SUMPRODUCT($D47:$D60,I47:I60)/100000 -> 0 | J61: =SUMPRODUCT($D47:$D60,J47:J60)/100000 -> 0 | K61: =SUMPRODUCT($D47:$D60,K47:K60)/100000 -> 0 | L61: =SUMPRODUCT($D47:$D60,L47:L60)/100000 -> 0 | ... AB61: =SUMPRODUCT($D47:$D60,AB47:AB60)/100000 -> 0
B63: CODE | C63: PRODUCT | E63: S.S. | F63: C.S. | G63: S.S. | H63: C.S. | I63: S.S. | J63: C.S. | K63: S.S. | L63: C.S. | M63: S.S. | N63: C.S. | O63: S.S. | P63: C.S. | Q63: S.S. | R63: C.S. | S63: S.S. | T63: C.S. | U63: S.S. | V63: C.S. | W63: S.S. | X63: C.S. | Y63: S.S. | Z63: C.S. | AA63: S.S. | AB63: C.S.
C64: MUMMUM GROUP | E64: =SUMPRODUCT($D$48:$D$49:$D$50,E48:E49:E50)/100000 -> 0 | F64: =SUMPRODUCT($D$48:$D$49:$D$50,F48:F49:F50)/100000 -> 0 | G64: =SUMPRODUCT($D$48:$D$49:$D$50,G48:G49:G50)/100000 -> 0 | H64: =SUMPRODUCT($D$48:$D$49:$D$50,H48:H49:H50)/100000 -> 0 | I64: =SUMPRODUCT($D$48:$D$49:$D$50,I48:I49:I50)/100000 -> 0 | J64: =SUMPRODUCT($D$48:$D$49:$D$50,J48:J49:J50)/100000 -> 0 | K64: =SUMPRODUCT($D$48:$D$49:$D$50,K48:K49:K50)/100000 -> 0 | L64: =SUMPRODUCT($D$48:$D$49:$D$50,L48:L49:L50)/100000 -> 0 | ... AB64: =SUMPRODUCT($D$48:$D$49:$D$50,AB48:AB49:AB50)/100000 -> 0
C65: SIMYL GROUP | E65: =SUMPRODUCT($D$51:$D$52:$D$53:$D$54,E51:E52:E53:E54)/100000 -> 0.1916994 | F65: =SUMPRODUCT($D$51:$D$52:$D$53:$D$54,F51:F52:F53:F54)/100000 -> 0.2550091 | G65: =SUMPRODUCT($D$51:$D$52:$D$53:$D$54,G51:G52:G53:G54)/100000 -> 0 | H65: =SUMPRODUCT($D$51:$D$52:$D$53:$D$54,H51:H52:H53:H54)/100000 -> 0 | I65: =SUMPRODUCT($D$51:$D$52:$D$53:$D$54,I51:I52:I53:I54)/100000 -> 0 | J65: =SUMPRODUCT($D$51:$D$52:$D$53:$D$54,J51:J52:J53:J54)/100000 -> 0 | K65: =SUMPRODUCT($D$51:$D$52:$D$53:$D$54,K51:K52:K53:K54)/100000 -> 0 | L65: =SUMPRODUCT($D$51:$D$52:$D$53:$D$54,L51:L52:L53:L54)/100000 -> 0 | ... AB65: =SUMPRODUCT($D$51:$D$52:$D$53:$D$54,AB51:AB52:AB53:AB54)/100000 -> 0
C66: ZEFRICH GROUP | E66: =SUMPRODUCT($D$55:$D$56:$D$57,E55:E56:E57)/100000 -> 0.0187326 | F66: =SUMPRODUCT($D$55:$D$56:$D$57,F55:F56:F57)/100000 -> 0.1248112 | G66: =SUMPRODUCT($D$55:$D$56:$D$57,G55:G56:G57)/100000 -> 0 | H66: =SUMPRODUCT($D$55:$D$56:$D$57,H55:H56:H57)/100000 -> 0 | I66: =SUMPRODUCT($D$55:$D$56:$D$57,I55:I56:I57)/100000 -> 0 | J66: =SUMPRODUCT($D$55:$D$56:$D$57,J55:J56:J57)/100000 -> 0 | K66: =SUMPRODUCT($D$55:$D$56:$D$57,K55:K56:K57)/100000 -> 0 | L66: =SUMPRODUCT($D$55:$D$56:$D$57,L55:L56:L57)/100000 -> 0 | ... AB66: =SUMPRODUCT($D$55:$D$56:$D$57,AB55:AB56:AB57)/100000 -> 0
C67: ZIORAL GROUP | E67: =SUMPRODUCT($D$58:$D$59,E58:E59)/100000 -> 0.019582 | F67: =SUMPRODUCT($D$58:$D$59,F58:F59)/100000 -> 0.0401138 | G67: =SUMPRODUCT($D$58:$D$59,G58:G59)/100000 -> 0 | H67: =SUMPRODUCT($D$58:$D$59,H58:H59)/100000 -> 0 | I67: =SUMPRODUCT($D$58:$D$59,I58:I59)/100000 -> 0 | J67: =SUMPRODUCT($D$58:$D$59,J58:J59)/100000 -> 0 | K67: =SUMPRODUCT($D$58:$D$59,K58:K59)/100000 -> 0 | L67: =SUMPRODUCT($D$58:$D$59,L58:L59)/100000 -> 0 | ... AB67: =SUMPRODUCT($D$58:$D$59,AB58:AB59)/100000 -> 0
C68: Total | E68: =SUM(E64:E67) -> 0.230014 | F68: =SUM(F64:F67) -> 0.4199341 | G68: =SUM(G64:G67) -> 0 | H68: =SUM(H64:H67) -> 0 | I68: =SUM(I64:I67) -> 0 | J68: =SUM(J64:J67) -> 0 | K68: =SUM(K64:K67) -> 0 | L68: =SUM(L64:L67) -> 0 | ... AB68: =SUM(AB64:AB67) -> 0
A69: SAURASHTRA | B69: 1 | C69: CALYUMM P SUP 200 ML | D69: 92.9 | E69: 4 | F69: 10
B70: 2 | C70: MUMMUM-1 200 GM | D70: 154.38 | E70: 0 | F70: 0
B71: 3 | C71: MUMMUM-1 400 GM | D71: 283.73 | E71: 0 | F71: 0
B72: 4 | C72: MUMMUM-2 400 GM | D72: 344.75 | E72: 0 | F72: 0
B73: 5 | C73: SIMYL MCT 200 GM | D73: 208.06 | E73: 0 | F73: 0
B74: 6 | C74: SIMYL MCT 400 GM | D74: 399.65 | E74: 0 | F74: 0
B75: 7 | C75: SIMYL MCT OIL (HDPE) 100 ML | D75: 228.82 | E75: 0 | F75: 0
B76: 8 | C76: SIMYL-LBW 400 GM | D76: 402.71 | E76: 0 | F76: 0
B77: 9 | C77: ZEFRICH CHOCOLATE 200 GM | D77: 250.17 | E77: 11 | F77: 11
B78: 10 | C78: ZEFRICH MILK MASALA 200 GM | D78: 250.17 | E78: 10 | F78: 9
B79: 11 | C79: ZEFRICH HP M M 200 GM | D79: 228.82 | E79: 0 | F79: 0
B80: 12 | C80: ZIORAL DROPS 15 ML | D80: 56.38 | E80: 0 | F80: 0
B81: 13 | C81: ZIORAL ORAL SYP 100 ML | D81: 70.14 | E81: 0 | F81: 0
B82: 14
C83: Total | E83: =SUMPRODUCT($D69:$D82,E69:E82)/100000 -> 0.0562517 | F83: =SUMPRODUCT($D69:$D82,F69:F82)/100000 -> 0.059324 | G83: =SUMPRODUCT($D69:$D82,G69:G82)/100000 -> 0 | H83: =SUMPRODUCT($D69:$D82,H69:H82)/100000 -> 0 | I83: =SUMPRODUCT($D69:$D82,I69:I82)/100000 -> 0 | J83: =SUMPRODUCT($D69:$D82,J69:J82)/100000 -> 0 | K83: =SUMPRODUCT($D69:$D82,K69:K82)/100000 -> 0 | L83: =SUMPRODUCT($D69:$D82,L69:L82)/100000 -> 0 | ... AB83: =SUMPRODUCT($D69:$D82,AB69:AB82)/100000 -> 0
B85: CODE | C85: PRODUCT | E85: S.S. | F85: C.S. | G85: S.S. | H85: C.S. | I85: S.S. | J85: C.S. | K85: S.S. | L85: C.S. | M85: S.S. | N85: C.S. | O85: S.S. | P85: C.S. | Q85: S.S. | R85: C.S. | S85: S.S. | T85: C.S. | U85: S.S. | V85: C.S. | W85: S.S. | X85: C.S. | Y85: S.S. | Z85: C.S. | AA85: S.S. | AB85: C.S.
C86: MUMMUM GROUP | E86: =SUMPRODUCT($D$70:$D$71:$D$72,E70:E71:E72)/100000 -> 0 | F86: =SUMPRODUCT($D$70:$D$71:$D$72,F70:F71:F72)/100000 -> 0 | G86: =SUMPRODUCT($D$70:$D$71:$D$72,G70:G71:G72)/100000 -> 0 | H86: =SUMPRODUCT($D$70:$D$71:$D$72,H70:H71:H72)/100000 -> 0 | I86: =SUMPRODUCT($D$70:$D$71:$D$72,I70:I71:I72)/100000 -> 0 | J86: =SUMPRODUCT($D$70:$D$71:$D$72,J70:J71:J72)/100000 -> 0 | K86: =SUMPRODUCT($D$70:$D$71:$D$72,K70:K71:K72)/100000 -> 0 | L86: =SUMPRODUCT($D$70:$D$71:$D$72,L70:L71:L72)/100000 -> 0 | ... AB86: =SUMPRODUCT($D$70:$D$71:$D$72,AB70:AB71:AB72)/100000 -> 0
C87: SIMYL GROUP | E87: =SUMPRODUCT($D$73:$D$74:$D$75:$D$76,E73:E74:E75:E76)/100000 -> 0 | F87: =SUMPRODUCT($D$73:$D$74:$D$75:$D$76,F73:F74:F75:F76)/100000 -> 0 | G87: =SUMPRODUCT($D$73:$D$74:$D$75:$D$76,G73:G74:G75:G76)/100000 -> 0 | H87: =SUMPRODUCT($D$73:$D$74:$D$75:$D$76,H73:H74:H75:H76)/100000 -> 0 | I87: =SUMPRODUCT($D$73:$D$74:$D$75:$D$76,I73:I74:I75:I76)/100000 -> 0 | J87: =SUMPRODUCT($D$73:$D$74:$D$75:$D$76,J73:J74:J75:J76)/100000 -> 0 | K87: =SUMPRODUCT($D$73:$D$74:$D$75:$D$76,K73:K74:K75:K76)/100000 -> 0 | L87: =SUMPRODUCT($D$73:$D$74:$D$75:$D$76,L73:L74:L75:L76)/100000 -> 0 | ... AB87: =SUMPRODUCT($D$73:$D$74:$D$75:$D$76,AB73:AB74:AB75:AB76)/100000 -> 0
C88: ZEFRICH GROUP | E88: =SUMPRODUCT($D$77:$D$78:$D$79,E77:E78:E79)/100000 -> 0.0525357 | F88: =SUMPRODUCT($D$77:$D$78:$D$79,F77:F78:F79)/100000 -> 0.050034 | G88: =SUMPRODUCT($D$77:$D$78:$D$79,G77:G78:G79)/100000 -> 0 | H88: =SUMPRODUCT($D$77:$D$78:$D$79,H77:H78:H79)/100000 -> 0 | I88: =SUMPRODUCT($D$77:$D$78:$D$79,I77:I78:I79)/100000 -> 0 | J88: =SUMPRODUCT($D$77:$D$78:$D$79,J77:J78:J79)/100000 -> 0 | K88: =SUMPRODUCT($D$77:$D$78:$D$79,K77:K78:K79)/100000 -> 0 | L88: =SUMPRODUCT($D$77:$D$78:$D$79,L77:L78:L79)/100000 -> 0 | ... AB88: =SUMPRODUCT($D$77:$D$78:$D$79,AB77:AB78:AB79)/100000 -> 0
C89: ZIORAL GROUP | E89: =SUMPRODUCT($D$80:$D$81,E80:E81)/100000 -> 0 | F89: =SUMPRODUCT($D$80:$D$81,F80:F81)/100000 -> 0 | G89: =SUMPRODUCT($D$80:$D$81,G80:G81)/100000 -> 0 | H89: =SUMPRODUCT($D$80:$D$81,H80:H81)/100000 -> 0 | I89: =SUMPRODUCT($D$80:$D$81,I80:I81)/100000 -> 0 | J89: =SUMPRODUCT($D$80:$D$81,J80:J81)/100000 -> 0 | K89: =SUMPRODUCT($D$80:$D$81,K80:K81)/100000 -> 0 | L89: =SUMPRODUCT($D$80:$D$81,L80:L81)/100000 -> 0 | ... AB89: =SUMPRODUCT($D$80:$D$81,AB80:AB81)/100000 -> 0
C90: Total | E90: =SUM(E86:E89) -> 0.0525357 | F90: =SUM(F86:F89) -> 0.050034 | G90: =SUM(G86:G89) -> 0 | H90: =SUM(H86:H89) -> 0 | I90: =SUM(I86:I89) -> 0 | J90: =SUM(J86:J89) -> 0 | K90: =SUM(K86:K89) -> 0 | L90: =SUM(L86:L89) -> 0 | ... AB90: =SUM(AB86:AB89) -> 0
A91: D. D. AGENCIES | B91: 1 | C91: CALYUMM P SUP 200 ML | D91: 92.9
B92: 2 | C92: MUMMUM-1 200 GM | D92: 154.38
B93: 3 | C93: MUMMUM-1 400 GM | D93: 283.73
B94: 4 | C94: MUMMUM-2 400 GM | D94: 344.75
B95: 5 | C95: SIMYL MCT 200 GM | D95: 208.06
B96: 6 | C96: SIMYL MCT 400 GM | D96: 399.65
B97: 7 | C97: SIMYL MCT OIL (HDPE) 100 ML | D97: 228.82 | E97: 15 | F97: 20
B98: 8 | C98: SIMYL-LBW 400 GM | D98: 402.71
B99: 9 | C99: ZEFRICH CHOCOLATE 200 GM | D99: 250.17
B100: 10 | C100: ZEFRICH MILK MASALA 200 GM | D100: 250.17
B101: 11 | C101: ZEFRICH HP M M 200 GM | D101: 228.82
B102: 12 | C102: ZIORAL DROPS 15 ML | D102: 56.38
B103: 13 | C103: ZIORAL ORAL SYP 100 ML | D103: 70.14
B104: 14
...

Sheet BHAVNAGAR
A1: 2026_27 | C1: UTSAV - BHAVNAGAR | E1: APR'26 | G1: MAY'26 | I1: JUN'26 | K1: JUL'26 | M1: AUG'26 | O1: SEP'26 | Q1: OCT'26 | S1: NOV'26 | U1: DEC'26 | W1: JAN'26 | Y1: FEB'26 | AA1: MAR'26
B2: S.No | C2: PRODUCT | D2: PTS | E2: S.S. | F2: C.S. | G2: S.S. | H2: C.S. | I2: S.S. | J2: C.S. | K2: S.S. | L2: C.S. | M2: S.S. | N2: C.S. | O2: S.S. | P2: C.S. | Q2: S.S. | R2: C.S. | S2: S.S. | T2: C.S. | U2: S.S. | V2: C.S. | W2: S.S. | X2: C.S. | Y2: S.S. | Z2: C.S. | AA2: S.S. | AB2: C.S.
A3: TOTAL | B3: 1 | C3: CALYUMM P SUP 200 ML | D3: 92.9 | E3: =E25+E47+E69+E91+E113+E135+E157 -> 3 | F3: =F25+F47+F69+F91+F113+F135+F157 -> 10 | G3: =G25+G47+G69+G91+G113+G135+G157 -> 0 | H3: =H25+H47+H69+H91+H113+H135+H157 -> 0 | I3: =I25+I47+I69+I91+I113+I135+I157 -> 0 | J3: =J25+J47+J69+J91+J113+J135+J157 -> 0 | K3: =K25+K47+K69+K91+K113+K135+K157 -> 0 | L3: =L25+L47+L69+L91+L113+L135+L157 -> 0 | ... AB3: =AB25+AB47+AB69+AB91+AB113+AB135+AB157 -> 0
B4: 2 | C4: MUMMUM-1 200 GM | D4: 154.38 | E4: =E26+E48+E70+E92+E114+E136+E158 -> 0 | F4: =F26+F48+F70+F92+F114+F136+F158 -> 24 | G4: =G26+G48+G70+G92+G114+G136+G158 -> 0 | H4: =H26+H48+H70+H92+H114+H136+H158 -> 0 | I4: =I26+I48+I70+I92+I114+I136+I158 -> 0 | J4: =J26+J48+J70+J92+J114+J136+J158 -> 0 | K4: =K26+K48+K70+K92+K114+K136+K158 -> 0 | L4: =L26+L48+L70+L92+L114+L136+L158 -> 0 | ... AB4: =AB26+AB48+AB70+AB92+AB114+AB136+AB158 -> 0
B5: 3 | C5: MUMMUM-1 400 GM | D5: 283.73 | E5: =E27+E49+E71+E93+E115+E137+E159 -> 0 | F5: =F27+F49+F71+F93+F115+F137+F159 -> 0 | G5: =G27+G49+G71+G93+G115+G137+G159 -> 0 | H5: =H27+H49+H71+H93+H115+H137+H159 -> 0 | I5: =I27+I49+I71+I93+I115+I137+I159 -> 0 | J5: =J27+J49+J71+J93+J115+J137+J159 -> 0 | K5: =K27+K49+K71+K93+K115+K137+K159 -> 0 | L5: =L27+L49+L71+L93+L115+L137+L159 -> 0 | ... AB5: =AB27+AB49+AB71+AB93+AB115+AB137+AB159 -> 0
B6: 4 | C6: MUMMUM-2 400 GM | D6: 344.75 | E6: =E28+E50+E72+E94+E116+E138+E160 -> 0 | F6: =F28+F50+F72+F94+F116+F138+F160 -> 0 | G6: =G28+G50+G72+G94+G116+G138+G160 -> 0 | H6: =H28+H50+H72+H94+H116+H138+H160 -> 0 | I6: =I28+I50+I72+I94+I116+I138+I160 -> 0 | J6: =J28+J50+J72+J94+J116+J138+J160 -> 0 | K6: =K28+K50+K72+K94+K116+K138+K160 -> 0 | L6: =L28+L50+L72+L94+L116+L138+L160 -> 0 | ... AB6: =AB28+AB50+AB72+AB94+AB116+AB138+AB160 -> 0
B7: 5 | C7: SIMYL MCT 200 GM | D7: 208.06 | E7: =E29+E51+E73+E95+E117+E139+E161 -> 11 | F7: =F29+F51+F73+F95+F117+F139+F161 -> 22 | G7: =G29+G51+G73+G95+G117+G139+G161 -> 0 | H7: =H29+H51+H73+H95+H117+H139+H161 -> 0 | I7: =I29+I51+I73+I95+I117+I139+I161 -> 0 | J7: =J29+J51+J73+J95+J117+J139+J161 -> 0 | K7: =K29+K51+K73+K95+K117+K139+K161 -> 0 | L7: =L29+L51+L73+L95+L117+L139+L161 -> 0 | ... AB7: =AB29+AB51+AB73+AB95+AB117+AB139+AB161 -> 0
B8: 6 | C8: SIMYL MCT 400 GM | D8: 399.65 | E8: =E30+E52+E74+E96+E118+E140+E162 -> 14 | F8: =F30+F52+F74+F96+F118+F140+F162 -> 47 | G8: =G30+G52+G74+G96+G118+G140+G162 -> 0 | H8: =H30+H52+H74+H96+H118+H140+H162 -> 0 | I8: =I30+I52+I74+I96+I118+I140+I162 -> 0 | J8: =J30+J52+J74+J96+J118+J140+J162 -> 0 | K8: =K30+K52+K74+K96+K118+K140+K162 -> 0 | L8: =L30+L52+L74+L96+L118+L140+L162 -> 0 | ... AB8: =AB30+AB52+AB74+AB96+AB118+AB140+AB162 -> 0
B9: 7 | C9: SIMYL MCT OIL (HDPE) 100 ML | D9: 228.82 | E9: =E31+E53+E75+E97+E119+E141+E163 -> 127 | F9: =F31+F53+F75+F97+F119+F141+F163 -> 152 | G9: =G31+G53+G75+G97+G119+G141+G163 -> 0 | H9: =H31+H53+H75+H97+H119+H141+H163 -> 0 | I9: =I31+I53+I75+I97+I119+I141+I163 -> 0 | J9: =J31+J53+J75+J97+J119+J141+J163 -> 0 | K9: =K31+K53+K75+K97+K119+K141+K163 -> 0 | L9: =L31+L53+L75+L97+L119+L141+L163 -> 0 | ... AB9: =AB31+AB53+AB75+AB97+AB119+AB141+AB163 -> 0
B10: 8 | C10: SIMYL-LBW 400 GM | D10: 402.71 | E10: =E32+E54+E76+E98+E120+E142+E164 -> 6 | F10: =F32+F54+F76+F98+F120+F142+F164 -> 11 | G10: =G32+G54+G76+G98+G120+G142+G164 -> 0 | H10: =H32+H54+H76+H98+H120+H142+H164 -> 0 | I10: =I32+I54+I76+I98+I120+I142+I164 -> 0 | J10: =J32+J54+J76+J98+J120+J142+J164 -> 0 | K10: =K32+K54+K76+K98+K120+K142+K164 -> 0 | L10: =L32+L54+L76+L98+L120+L142+L164 -> 0 | ... AB10: =AB32+AB54+AB76+AB98+AB120+AB142+AB164 -> 0
B11: 9 | C11: ZEFRICH CHOCOLATE 200 GM | D11: 250.17 | E11: =E33+E55+E77+E99+E121+E143+E165 -> 1 | F11: =F33+F55+F77+F99+F121+F143+F165 -> 31 | G11: =G33+G55+G77+G99+G121+G143+G165 -> 0 | H11: =H33+H55+H77+H99+H121+H143+H165 -> 0 | I11: =I33+I55+I77+I99+I121+I143+I165 -> 0 | J11: =J33+J55+J77+J99+J121+J143+J165 -> 0 | K11: =K33+K55+K77+K99+K121+K143+K165 -> 0 | L11: =L33+L55+L77+L99+L121+L143+L165 -> 0 | ... AB11: =AB33+AB55+AB77+AB99+AB121+AB143+AB165 -> 0
B12: 10 | C12: ZEFRICH MILK MASALA 200 GM | D12: 250.17 | E12: =E34+E56+E78+E100+E122+E144+E166 -> 0 | F12: =F34+F56+F78+F100+F122+F144+F166 -> 97 | G12: =G34+G56+G78+G100+G122+G144+G166 -> 0 | H12: =H34+H56+H78+H100+H122+H144+H166 -> 0 | I12: =I34+I56+I78+I100+I122+I144+I166 -> 0 | J12: =J34+J56+J78+J100+J122+J144+J166 -> 0 | K12: =K34+K56+K78+K100+K122+K144+K166 -> 0 | L12: =L34+L56+L78+L100+L122+L144+L166 -> 0 | ... AB12: =AB34+AB56+AB78+AB100+AB122+AB144+AB166 -> 0
B13: 11 | C13: ZEFRICH HP M M 200 GM | D13: 228.82 | E13: =E35+E57+E79+E101+E123+E145+E167 -> 0 | F13: =F35+F57+F79+F101+F123+F145+F167 -> 4 | G13: =G35+G57+G79+G101+G123+G145+G167 -> 0 | H13: =H35+H57+H79+H101+H123+H145+H167 -> 0 | I13: =I35+I57+I79+I101+I123+I145+I167 -> 0 | J13: =J35+J57+J79+J101+J123+J145+J167 -> 0 | K13: =K35+K57+K79+K101+K123+K145+K167 -> 0 | L13: =L35+L57+L79+L101+L123+L145+L167 -> 0 | ... AB13: =AB35+AB57+AB79+AB101+AB123+AB145+AB167 -> 0
B14: 12 | C14: ZIORAL DROPS 15 ML | D14: 56.38 | E14: =E36+E58+E80+E102+E124+E146+E168 -> 12 | F14: =F36+F58+F80+F102+F124+F146+F168 -> 101 | G14: =G36+G58+G80+G102+G124+G146+G168 -> 0 | H14: =H36+H58+H80+H102+H124+H146+H168 -> 0 | I14: =I36+I58+I80+I102+I124+I146+I168 -> 0 | J14: =J36+J58+J80+J102+J124+J146+J168 -> 0 | K14: =K36+K58+K80+K102+K124+K146+K168 -> 0 | L14: =L36+L58+L80+L102+L124+L146+L168 -> 0 | ... AB14: =AB36+AB58+AB80+AB102+AB124+AB146+AB168 -> 0
B15: 13 | C15: ZIORAL ORAL SYP 100 ML | D15: 70.14 | E15: =E37+E59+E81+E103+E125+E147+E169 -> 62 | F15: =F37+F59+F81+F103+F125+F147+F169 -> 174 | G15: =G37+G59+G81+G103+G125+G147+G169 -> 0 | H15: =H37+H59+H81+H103+H125+H147+H169 -> 0 | I15: =I37+I59+I81+I103+I125+I147+I169 -> 0 | J15: =J37+J59+J81+J103+J125+J147+J169 -> 0 | K15: =K37+K59+K81+K103+K125+K147+K169 -> 0 | L15: =L37+L59+L81+L103+L125+L147+L169 -> 0 | ... W15: =W37+W59+W81+W103+W125+W147+W169 -> 0 | X15: 0 | Y15: 0 | Z15: 0 | AA15: 0 | AB15: 0
B16: 14 | E16: =E38+E60+E82+E104+E126+E148+E170 -> 0 | F16: =F38+F60+F82+F104+F126+F148+F170 -> 0 | G16: =G38+G60+G82+G104+G126+G148+G170 -> 0 | H16: =H38+H60+H82+H104+H126+H148+H170 -> 0 | I16: =I38+I60+I82+I104+I126+I148+I170 -> 0 | J16: =J38+J60+J82+J104+J126+J148+J170 -> 0 | K16: =K38+K60+K82+K104+K126+K148+K170 -> 0 | L16: =L38+L60+L82+L104+L126+L148+L170 -> 0 | ... T16: =T38+T60+T82+T104+T126+T148+T170 -> 0 | U16: 0 | V16: 0 | W16: 0 | X16: 0 | Y16: 0 | Z16: 0 | AA16: 0 | AB16: 0
C17: Total | E17: 0.4491427 | F17: 1.1804122 | G17: =SUMPRODUCT($D3:$D16,G3:G16)/100000 -> 0 | H17: =SUMPRODUCT($D3:$D16,H3:H16)/100000 -> 0 | I17: =SUMPRODUCT($D3:$D16,I3:I16)/100000 -> 0 | J17: =SUMPRODUCT($D3:$D16,J3:J16)/100000 -> 0 | K17: =SUMPRODUCT($D3:$D16,K3:K16)/100000 -> 0 | L17: =SUMPRODUCT($D3:$D16,L3:L16)/100000 -> 0 | M17: =SUMPRODUCT($D3:$D16,M3:M16)/100000 -> 0 | N17: =SUMPRODUCT($D3:$D16,N3:N16)/100000 -> 0 | ... V17: =SUMPRODUCT($D3:$D16,V3:V16)/100000 -> 0 | W17: 0.4636783 | X17: 1.3051905 | Y17: =SUMPRODUCT($D3:$D16,Y3:Y16)/100000 -> 0 | Z17: =SUMPRODUCT($D3:$D16,Z3:Z16)/100000 -> 0 | AA17: =SUMPRODUCT($D3:$D16,AA3:AA16)/100000 -> 0 | AB17: =SUMPRODUCT($D3:$D16,AB3:AB16)/100000 -> 0
B19: CODE | C19: PRODUCT | E19: S.S. | F19: C.S. | G19: S.S. | H19: C.S. | I19: S.S. | J19: C.S. | K19: S.S. | L19: C.S. | M19: S.S. | N19: C.S. | O19: S.S. | P19: C.S. | Q19: S.S. | R19: C.S. | S19: S.S. | T19: C.S. | U19: S.S. | V19: C.S. | W19: S.S. | X19: C.S. | Y19: S.S. | Z19: C.S. | AA19: S.S. | AB19: C.S.
C20: MUMMUM GROUP | E20: 0 | F20: 0.0370512 | G20: =SUMPRODUCT($D$2:$D$3:$D$4,G2:G3:G4)/100000 -> 0 | H20: =SUMPRODUCT($D$2:$D$3:$D$4,H2:H3:H4)/100000 -> 0 | I20: =SUMPRODUCT($D$2:$D$3:$D$4,I2:I3:I4)/100000 -> 0 | J20: =SUMPRODUCT($D$2:$D$3:$D$4,J2:J3:J4)/100000 -> 0 | K20: =SUMPRODUCT($D$2:$D$3:$D$4,K2:K3:K4)/100000 -> 0 | L20: =SUMPRODUCT($D$2:$D$3:$D$4,L2:L3:L4)/100000 -> 0 | M20: =SUMPRODUCT($D$2:$D$3:$D$4,M2:M3:M4)/100000 -> 0 | N20: =SUMPRODUCT($D$2:$D$3:$D$4,N2:N3:N4)/100000 -> 0 | ... AB20: =SUMPRODUCT($D$2:$D$3:$D$4,AB2:AB3:AB4)/100000 -> 0
C21: SIMYL GROUP | E21: 0.3936016 | F21: 0.6257132 | G21: =SUMPRODUCT($D$5:$D$6:$D$7:$D$8,G5:G6:G7:G8)/100000 -> 0 | H21: =SUMPRODUCT($D$5:$D$6:$D$7:$D$8,H5:H6:H7:H8)/100000 -> 0 | I21: =SUMPRODUCT($D$5:$D$6:$D$7:$D$8,I5:I6:I7:I8)/100000 -> 0 | J21: =SUMPRODUCT($D$5:$D$6:$D$7:$D$8,J5:J6:J7:J8)/100000 -> 0 | K21: =SUMPRODUCT($D$5:$D$6:$D$7:$D$8,K5:K6:K7:K8)/100000 -> 0 | L21: =SUMPRODUCT($D$5:$D$6:$D$7:$D$8,L5:L6:L7:L8)/100000 -> 0 | M21: =SUMPRODUCT($D$5:$D$6:$D$7:$D$8,M5:M6:M7:M8)/100000 -> 0 | N21: =SUMPRODUCT($D$5:$D$6:$D$7:$D$8,N5:N6:N7:N8)/100000 -> 0 | ... AB21: =SUMPRODUCT($D$5:$D$6:$D$7:$D$8,AB5:AB6:AB7:AB8)/100000 -> 0
C22: ZEFRICH GROUP | E22: 0.0025017 | F22: 0.3293704 | G22: =SUMPRODUCT($D$9:$D$10:$D$11,G9:G10:G11)/100000 -> 0 | H22: =SUMPRODUCT($D$9:$D$10:$D$11,H9:H10:H11)/100000 -> 0 | I22: =SUMPRODUCT($D$9:$D$10:$D$11,I9:I10:I11)/100000 -> 0 | J22: =SUMPRODUCT($D$9:$D$10:$D$11,J9:J10:J11)/100000 -> 0 | K22: =SUMPRODUCT($D$9:$D$10:$D$11,K9:K10:K11)/100000 -> 0 | L22: =SUMPRODUCT($D$9:$D$10:$D$11,L9:L10:L11)/100000 -> 0 | M22: =SUMPRODUCT($D$9:$D$10:$D$11,M9:M10:M11)/100000 -> 0 | N22: =SUMPRODUCT($D$9:$D$10:$D$11,N9:N10:N11)/100000 -> 0 | ... AB22: =SUMPRODUCT($D$9:$D$10:$D$11,AB9:AB10:AB11)/100000 -> 0
C23: ZIORAL GROUP | E23: 0.0502524 | F23: 0.1789874 | G23: =SUMPRODUCT($D$12:$D$13,G12:G13)/100000 -> 0 | H23: =SUMPRODUCT($D$12:$D$13,H12:H13)/100000 -> 0 | I23: =SUMPRODUCT($D$12:$D$13,I12:I13)/100000 -> 0 | J23: =SUMPRODUCT($D$12:$D$13,J12:J13)/100000 -> 0 | K23: =SUMPRODUCT($D$12:$D$13,K12:K13)/100000 -> 0 | L23: =SUMPRODUCT($D$12:$D$13,L12:L13)/100000 -> 0 | M23: =SUMPRODUCT($D$12:$D$13,M12:M13)/100000 -> 0 | N23: =SUMPRODUCT($D$12:$D$13,N12:N13)/100000 -> 0 | ... AB23: =SUMPRODUCT($D$12:$D$13,AB12:AB13)/100000 -> 0
C24: Total | E24: =SUM(E20:E23) -> 0.4463557 | F24: =SUM(F20:F23) -> 1.1711222 | G24: =SUM(G20:G23) -> 0 | H24: =SUM(H20:H23) -> 0 | I24: =SUM(I20:I23) -> 0 | J24: =SUM(J20:J23) -> 0 | K24: =SUM(K20:K23) -> 0 | L24: =SUM(L20:L23) -> 0 | ... AB24: =SUM(AB20:AB23) -> 0
A25: HARI KRISHNA | B25: 1 | C25: CALYUMM P SUP 200 ML | D25: 92.9 | E25: 0 | F25: 0
B26: 2 | C26: MUMMUM-1 200 GM | D26: 154.38 | E26: 0 | F26: 0
B27: 3 | C27: MUMMUM-1 400 GM | D27: 283.73 | E27: 0 | F27: 0
B28: 4 | C28: MUMMUM-2 400 GM | D28: 344.75 | E28: 0 | F28: 0
B29: 5 | C29: SIMYL MCT 200 GM | D29: 208.06 | E29: 0 | F29: 0
B30: 6 | C30: SIMYL MCT 400 GM | D30: 399.65 | E30: 0 | F30: 0
B31: 7 | C31: SIMYL MCT OIL (HDPE) 100 ML | D31: 228.82 | E31: 15 | F31: 22
B32: 8 | C32: SIMYL-LBW 400 GM | D32: 402.71 | E32: 0 | F32: 0
B33: 9 | C33: ZEFRICH CHOCOLATE 200 GM | D33: 250.17 | E33: 0 | F33: 0
B34: 10 | C34: ZEFRICH MILK MASALA 200 GM | D34: 250.17 | E34: 0 | F34: 0
B35: 11 | C35: ZEFRICH HP M M 200 GM | D35: 228.82 | E35: 0 | F35: 0
B36: 12 | C36: ZIORAL DROPS 15 ML | D36: 56.38 | E36: 0 | F36: 0
B37: 13 | C37: ZIORAL ORAL SYP 100 ML | D37: 70.14 | E37: 3 | F37: 45
B38: 14
C39: Total | E39: 0.0364272 | F39: 0.0819034 | G39: =SUMPRODUCT($D25:$D38,G25:G38)/100000 -> 0 | H39: =SUMPRODUCT($D25:$D38,H25:H38)/100000 -> 0 | I39: =SUMPRODUCT($D25:$D38,I25:I38)/100000 -> 0 | J39: =SUMPRODUCT($D25:$D38,J25:J38)/100000 -> 0 | K39: =SUMPRODUCT($D25:$D38,K25:K38)/100000 -> 0 | L39: =SUMPRODUCT($D25:$D38,L25:L38)/100000 -> 0 | M39: =SUMPRODUCT($D25:$D38,M25:M38)/100000 -> 0 | N39: =SUMPRODUCT($D25:$D38,N25:N38)/100000 -> 0 | ... V39: =SUMPRODUCT($D25:$D38,V25:V38)/100000 -> 0 | W39: 0.11257 | X39: 0.181216 | Y39: =SUMPRODUCT($D25:$D38,Y25:Y38)/100000 -> 0 | Z39: =SUMPRODUCT($D25:$D38,Z25:Z38)/100000 -> 0 | AA39: =SUMPRODUCT($D25:$D38,AA25:AA38)/100000 -> 0 | AB39: =SUMPRODUCT($D25:$D38,AB25:AB38)/100000 -> 0
B41: CODE | C41: PRODUCT | E41: S.S. | F41: C.S. | G41: S.S. | H41: C.S. | I41: S.S. | J41: C.S. | K41: S.S. | L41: C.S. | M41: S.S. | N41: C.S. | O41: S.S. | P41: C.S. | Q41: S.S. | R41: C.S. | S41: S.S. | T41: C.S. | U41: S.S. | V41: C.S. | W41: S.S. | X41: C.S. | Y41: S.S. | Z41: C.S. | AA41: S.S. | AB41: C.S.
C42: MUMMUM GROUP | E42: 0 | F42: 0 | G42: =SUMPRODUCT($D$26:$D$27:$D$28,G26:G27:G28)/100000 -> 0 | H42: =SUMPRODUCT($D$26:$D$27:$D$28,H26:H27:H28)/100000 -> 0 | I42: =SUMPRODUCT($D$26:$D$27:$D$28,I26:I27:I28)/100000 -> 0 | J42: =SUMPRODUCT($D$26:$D$27:$D$28,J26:J27:J28)/100000 -> 0 | K42: =SUMPRODUCT($D$26:$D$27:$D$28,K26:K27:K28)/100000 -> 0 | L42: =SUMPRODUCT($D$26:$D$27:$D$28,L26:L27:L28)/100000 -> 0 | M42: =SUMPRODUCT($D$26:$D$27:$D$28,M26:M27:M28)/100000 -> 0 | N42: =SUMPRODUCT($D$26:$D$27:$D$28,N26:N27:N28)/100000 -> 0 | ... V42: =SUMPRODUCT($D$26:$D$27:$D$28,V26:V27:V28)/100000 -> 0 | W42: 0 | X42: 0 | Y42: =SUMPRODUCT($D$26:$D$27:$D$28,Y26:Y27:Y28)/100000 -> 0 | Z42: =SUMPRODUCT($D$26:$D$27:$D$28,Z26:Z27:Z28)/100000 -> 0 | AA42: =SUMPRODUCT($D$26:$D$27:$D$28,AA26:AA27:AA28)/100000 -> 0 | AB42: =SUMPRODUCT($D$26:$D$27:$D$28,AB26:AB27:AB28)/100000 -> 0
C43: SIMYL GROUP | E43: 0.034323 | F43: 0.0503404 | G43: =SUMPRODUCT($D$29:$D$30:$D$31:$D$32,G29:G30:G31:G32)/100000 -> 0 | H43: =SUMPRODUCT($D$29:$D$30:$D$31:$D$32,H29:H30:H31:H32)/100000 -> 0 | I43: =SUMPRODUCT($D$29:$D$30:$D$31:$D$32,I29:I30:I31:I32)/100000 -> 0 | J43: =SUMPRODUCT($D$29:$D$30:$D$31:$D$32,J29:J30:J31:J32)/100000 -> 0 | K43: =SUMPRODUCT($D$29:$D$30:$D$31:$D$32,K29:K30:K31:K32)/100000 -> 0 | L43: =SUMPRODUCT($D$29:$D$30:$D$31:$D$32,L29:L30:L31:L32)/100000 -> 0 | M43: =SUMPRODUCT($D$29:$D$30:$D$31:$D$32,M29:M30:M31:M32)/100000 -> 0 | N43: =SUMPRODUCT($D$29:$D$30:$D$31:$D$32,N29:N30:N31:N32)/100000 -> 0 | ... V43: =SUMPRODUCT($D$29:$D$30:$D$31:$D$32,V29:V30:V31:V32)/100000 -> 0 | W43: 0.068646 | X43: 0.11441 | Y43: =SUMPRODUCT($D$29:$D$30:$D$31:$D$32,Y29:Y30:Y31:Y32)/100000 -> 0 | Z43: =SUMPRODUCT($D$29:$D$30:$D$31:$D$32,Z29:Z30:Z31:Z32)/100000 -> 0 | AA43: =SUMPRODUCT($D$29:$D$30:$D$31:$D$32,AA29:AA30:AA31:AA32)/100000 -> 0 | AB43: =SUMPRODUCT($D$29:$D$30:$D$31:$D$32,AB29:AB30:AB31:AB32)/100000 -> 0
